class,alcohol,malicAcid,ash,alcalinityOfAsh,magnesium,totalPhenols,flavanoids,nonFlavanoidPhenols,proanthocyanins,colorIntensity,hue,od280Od315,proline
0,12.91,1.8,2.31,21.04,113,2.81,1.58,0.36,0.72,5.13,1.19,3.01,975
2,11.34,3.34,2.1,18.24,99,1.55,0.29,0.48,1.34,7.38,1.22,1.41,906
2,11.77,3.9,2.2,18.62,82,2.03,0.78,0.57,2.61,5.1,0.86,1.64,688
2,13.45,1.66,2.17,11.66,104,1.3,0.94,0.38,1.86,7.36,0.65,1.63,801
2,12.35,2.12,2.07,15.8,85,1.49,0.29,0.59,2.54,10.64,0.68,1.44,834
2,11.14,2.78,1.87,17.07,80,1.43,1.42,0.55,1.48,8.76,0.77,1.22,752
1,11.49,2.24,2.41,15.25,89,1.31,0.38,0.47,2.3,10.23,1.2,3.07,674
0,13.84,1.69,2.4,19.39,109,2.46,2.0,0.49,1.42,5.22,1.04,2.74,961
2,11.51,1.5,1.89,17.25,90,2.17,1.45,0.46,2.22,9.93,0.7,1.39,702
0,12.41,1.34,2.65,16.9,111,1.74,0.07,0.67,1.48,4.28,1.18,2.68,747
0,13.94,1.33,2.02,19.73,81,3.32,2.32,0.46,1.57,4.29,1.25,2.67,1435
2,12.83,4.04,2.54,15.79,90,1.83,1.39,0.56,1.64,4.56,0.59,1.74,859
0,13.06,1.74,2.57,12.29,117,2.5,1.51,0.55,1.45,7.27,0.8,2.6,1153
0,12.72,1.6,2.7,13.73,123,2.58,0.85,0.69,0.84,6.05,1.38,2.6,1370
2,11.42,2.77,2.47,21.67,118,1.67,0.45,0.43,2.08,7.65,1.17,1.5,777
0,11.24,2.16,2.52,16.4,84,3.03,2.48,0.38,0.64,3.06,1.26,3.38,514
2,13.0,4.41,1.96,24.92,89,1.19,0.45,0.49,2.57,8.87,0.93,1.13,670
2,12.81,3.57,2.17,15.86,85,0.94,1.0,0.46,1.34,9.59,0.76,1.7,452
2,11.14,3.66,2.4,25.83,86,1.5,-0.06,0.65,2.0,5.65,0.75,1.31,865
1,12.7,1.97,2.21,16.46,84,2.21,2.17,0.58,2.01,3.74,1.28,2.29,536
2,11.79,4.68,1.93,23.52,82,1.49,0.18,0.53,1.53,8.57,0.69,2.25,818
1,13.23,1.78,2.59,20.72,103,2.37,2.41,0.3,1.82,6.88,1.19,3.28,556
2,13.4,4.71,2.11,18.14,111,1.25,0.49,0.45,1.81,5.67,0.86,1.76,680
1,11.97,1.75,1.97,18.33,121,2.78,2.88,0.57,1.22,3.48,0.84,2.84,630
0,12.77,1.63,2.14,19.8,103,2.47,1.92,0.32,1.62,4.2,1.02,2.94,1209
1,13.39,1.77,2.07,15.55,100,2.94,1.99,0.22,1.96,3.54,1.25,2.77,591
1,11.05,1.96,2.12,23.1,80,1.35,1.4,0.65,2.28,4.1,1.09,1.84,526
2,11.47,4.99,2.31,17.74,114,1.88,-0.19,0.52,1.87,3.72,1.35,1.28,807
0,13.37,2.38,2.05,15.84,101,1.39,3.17,0.52,1.26,6.52,1.34,3.14,451
1,13.32,1.58,2.61,19.59,105,2.63,2.06,0.39,1.75,4.72,0.92,2.66,1592
1,11.49,1.29,2.18,14.04,103,2.62,2.19,0.57,1.5,8.99,1.08,2.85,1603
0,13.63,2.05,1.93,14.13,106,2.17,1.46,0.41,1.07,1.82,1.38,2.52,1249
0,12.88,1.73,2.39,13.53,95,2.18,0.95,0.54,1.35,9.82,0.88,2.55,801
0,13.18,1.65,2.15,18.93,98,2.02,3.25,0.38,1.27,6.24,1.3,3.31,775
1,12.5,1.48,2.66,15.87,81,1.17,1.51,0.45,1.5,9.16,1.02,1.21,691
2,11.7,3.62,2.45,13.09,109,1.4,0.34,0.47,1.84,5.52,0.9,1.68,781
2,11.51,5.44,1.67,22.17,107,1.52,0.63,0.55,2.21,7.93,0.75,1.48,754
2,11.78,3.98,2.3,15.58,109,2.35,2.64,0.59,1.44,6.25,1.25,2.09,556
0,13.44,2.11,2.11,19.44,94,1.64,2.56,0.3,2.09,3.79,1.47,2.46,1359
0,13.98,1.56,2.38,17.33,73,2.48,2.51,0.36,1.68,5.61,1.39,2.39,1462
1,11.51,2.06,2.11,18.65,99,1.49,1.86,0.49,1.63,7.08,0.64,1.72,772
0,12.96,2.04,1.79,22.68,96,1.84,1.74,0.36,1.74,5.69,1.55,2.59,1324
0,13.79,1.75,2.26,20.15,97,3.14,3.14,0.36,1.48,7.71,0.84,2.07,601
0,13.21,1.52,2.47,17.01,104,2.52,1.64,0.34,1.89,9.61,1.39,2.4,1616
1,11.75,3.08,2.72,15.33,96,1.55,0.54,0.62,1.42,6.26,1.45,3.3,779
1,11.18,3.2,2.1,15.81,90,1.59,1.94,0.56,1.94,9.29,1.29,1.82,590
0,12.73,2.0,2.2,22.88,92,2.4,1.6,0.34,1.74,2.6,1.31,2.43,660
1,12.48,4.48,2.2,17.09,88,1.13,0.3,0.66,1.68,6.31,0.56,1.92,773
2,12.06,2.47,3.07,11.81,114,2.09,2.05,0.54,1.58,10.21,1.21,2.42,848
0,11.52,1.84,2.33,19.22,105,2.54,1.88,0.41,1.42,7.04,1.22,3.29,1350
2,12.29,3.86,2.48,17.44,91,1.3,0.79,0.38,2.16,9.97,0.7,1.3,865
0,14.14,1.81,1.93,20.87,78,2.49,1.33,0.4,2.31,3.95,1.44,1.88,1749
0,13.13,1.37,2.43,19.28,82,3.01,1.97,0.3,1.56,3.22,1.11,2.9,1405
0,13.34,2.14,2.46,18.21,107,2.73,1.82,0.34,1.28,3.75,1.36,2.74,1532
0,12.59,2.44,1.83,12.43,115,2.56,2.54,0.35,1.7,7.0,1.18,2.34,1228
0,13.05,1.8,2.04,16.31,91,2.17,1.75,0.37,1.55,6.01,1.23,2.76,1571
1,13.03,1.48,2.29,16.92,94,2.53,2.32,0.56,1.71,4.25,0.88,2.76,797
2,12.26,3.74,2.25,23.31,79,1.84,0.85,0.6,2.03,12.64,0.7,1.14,764
1,11.26,2.67,2.51,14.58,84,1.43,2.88,0.69,2.15,10.9,1.0,1.72,774
1,12.38,1.1,2.66,15.98,113,3.08,2.65,0.21,1.81,1.72,1.29,2.18,1431
0,13.39,1.34,2.44,15.49,82,2.89,2.13,0.66,1.31,5.09,1.06,2.15,916
2,11.2,4.55,2.56,16.48,92,1.52,0.43,0.63,2.19,11.66,1.38,1.11,861
2,11.75,3.18,2.36,22.39,80,1.27,0.74,0.64,1.81,5.22,0.91,1.88,782
0,14.17,2.13,2.08,23.0,107,2.52,2.18,0.35,2.7,5.62,1.27,2.42,1199
2,12.34,4.36,2.56,20.9,81,1.54,0.97,0.58,0.89,9.12,0.82,1.51,713
1,11.05,1.89,2.0,16.93,77,1.84,1.96,0.65,2.03,6.4,0.88,2.55,873
2,11.62,1.73,1.76,20.61,82,1.57,0.07,0.61,2.3,13.1,0.6,1.57,901
1,12.94,1.77,1.86,21.0,93,1.84,2.3,0.26,1.46,4.93,1.03,2.4,1123
1,12.11,1.44,2.43,15.82,92,2.45,2.79,0.45,1.07,6.01,1.15,3.02,1186
1,11.83,3.52,2.34,24.09,111,1.2,0.7,0.43,1.5,3.97,1.09,2.48,476
0,13.18,1.63,2.52,17.2,82,2.97,2.31,0.24,1.65,6.47,1.22,2.32,1177
2,12.11,2.08,2.35,13.49,105,1.65,0.75,0.68,1.86,8.09,0.93,1.92,737
0,12.95,2.3,1.95,18.41,109,2.57,2.02,0.35,1.51,4.01,1.18,2.7,1406
0,11.64,2.09,3.0,15.91,127,2.64,2.39,0.37,0.95,5.82,1.14,2.55,1562
2,11.01,1.46,2.67,20.45,97,1.53,2.15,0.36,0.82,6.37,0.87,2.55,814
0,13.4,1.89,2.08,15.66,71,1.99,2.58,0.35,2.16,12.04,1.25,2.47,1516
2,11.65,4.07,2.08,17.9,114,1.17,0.76,0.42,1.81,2.75,1.34,2.32,552
0,13.9,1.83,2.08,21.81,81,1.84,1.56,0.36,3.82,9.1,1.47,2.47,1666
1,10.92,2.09,2.03,14.08,90,1.33,1.22,0.64,1.69,6.24,1.03,1.9,772
0,12.93,1.79,2.76,17.74,107,2.19,0.79,0.38,2.78,5.51,1.37,2.97,1294
2,11.16,3.73,2.18,13.27,86,1.44,0.06,0.64,2.66,7.48,1.03,2.47,793
0,12.91,2.15,2.76,18.19,93,2.65,1.72,0.35,1.14,7.31,1.31,3.08,1706
0,12.99,1.91,2.02,15.9,94,2.7,1.48,0.55,1.47,4.45,1.24,2.84,657
2,11.34,3.53,2.48,12.45,97,1.37,0.44,0.59,2.11,11.46,0.66,1.99,965
0,13.06,2.19,2.23,26.97,109,2.04,2.06,0.38,2.24,7.12,1.27,2.62,752
2,12.45,3.74,2.02,16.15,98,1.58,-0.22,0.6,1.63,6.91,0.62,1.89,790
2,14.06,2.6,2.55,14.8,97,1.2,-0.28,0.68,1.91,6.56,0.79,1.46,818
1,11.32,1.52,1.88,18.8,97,1.49,1.01,0.63,1.95,7.74,1.26,3.64,478
1,12.64,3.55,2.22,20.34,119,2.57,2.37,0.42,2.68,4.69,1.14,2.35,1314
0,12.79,1.6,2.67,18.88,95,1.64,2.96,0.37,1.56,4.19,1.19,2.73,692
1,11.52,2.22,2.23,19.48,94,2.43,1.76,0.4,1.18,4.47,1.28,2.22,731
0,12.98,1.81,2.14,16.37,88,2.87,1.78,0.4,1.33,6.63,1.38,2.51,1369
2,12.34,5.35,2.47,18.13,100,1.09,-0.09,0.61,2.73,14.03,0.72,1.79,927
0,13.08,2.22,2.12,17.64,101,2.29,1.77,0.34,2.0,5.16,1.27,2.86,996
2,11.26,3.37,2.22,16.69,99,1.42,0.2,0.53,2.08,5.07,1.22,1.69,798
0,13.74,1.69,2.22,16.72,99,2.47,2.47,0.44,2.18,5.19,0.92,3.33,1824
2,13.01,1.63,2.58,17.87,86,1.79,2.01,0.45,1.74,9.58,1.19,2.92,640
2,12.06,1.42,2.05,19.27,125,2.66,2.71,0.36,1.6,1.87,1.15,2.81,674
1,13.04,1.52,2.52,14.74,92,2.78,1.86,0.61,1.29,10.74,1.21,2.97,1276
0,12.64,1.62,2.02,22.49,116,1.99,1.87,0.32,2.22,3.81,1.47,3.06,1398
0,12.68,1.3,1.84,21.0,92,2.24,2.65,0.33,0.73,3.55,1.36,2.73,997
1,13.07,3.92,2.6,20.08,109,1.7,1.72,0.38,1.84,4.96,1.04,2.64,777
0,13.84,1.26,2.51,22.6,108,2.09,1.87,0.49,1.3,3.94,1.17,2.52,535
0,13.77,1.69,2.18,17.55,77,1.69,3.79,0.44,2.13,10.41,1.19,2.52,1187
0,12.91,1.59,2.07,21.44,100,2.34,2.02,0.35,1.89,2.22,1.26,2.74,1050
1,14.29,1.69,2.77,18.47,90,2.85,3.41,0.57,1.28,9.6,1.2,2.94,1026
0,13.54,2.1,2.61,23.27,78,2.87,1.53,0.36,1.86,11.26,1.33,2.34,1645
2,11.53,2.89,2.05,12.61,94,1.58,1.38,0.62,2.41,10.07,1.1,2.03,713
1,11.28,1.79,2.27,16.85,108,1.58,1.65,0.56,1.82,3.82,1.14,2.56,1159
1,13.54,1.76,2.23,16.48,112,2.65,3.28,0.67,1.44,6.28,1.36,3.12,1437
1,12.82,1.26,2.29,16.51,116,1.96,0.06,0.6,1.72,5.54,1.06,2.62,762
1,13.02,1.59,2.3,18.08,132,2.17,0.86,0.6,1.19,5.52,1.13,2.26,1328
2,11.2,2.31,2.35,17.82,93,1.52,-0.03,0.53,1.94,5.9,0.72,1.57,827
0,12.94,1.39,2.24,15.39,115,2.98,2.59,0.33,1.51,7.32,1.26,3.0,1528
1,12.66,1.54,2.27,16.3,115,1.44,2.1,0.37,1.68,6.32,1.15,2.95,1130
2,12.36,2.82,2.28,19.66,85,1.54,0.17,0.66,1.93,8.2,0.67,1.55,716
0,12.69,2.01,2.69,19.72,109,2.59,2.17,0.61,1.23,3.99,0.95,2.85,1373
0,14.24,1.88,2.17,17.14,92,2.76,2.06,0.39,2.32,5.75,1.09,2.55,932
2,12.96,3.1,2.43,24.74,98,1.44,-0.41,0.68,2.07,10.16,0.63,1.3,656
2,12.24,1.59,2.26,19.94,82,1.14,0.74,0.52,1.15,12.03,0.86,1.08,689
0,14.09,2.64,2.29,18.11,96,2.48,1.86,0.33,1.66,6.75,1.28,2.86,1696
2,13.3,3.89,2.28,22.3,90,1.45,0.47,0.52,1.98,3.04,0.52,1.98,819
2,13.25,1.32,2.1,18.66,82,1.02,2.49,0.64,1.26,5.64,0.74,2.81,594
2,11.58,4.26,2.13,23.88,100,1.16,1.4,0.57,2.49,4.31,0.89,1.62,695
0,11.19,1.46,2.12,19.24,96,2.48,2.36,0.31,1.85,4.72,1.27,2.34,567
2,13.31,3.28,2.15,14.45,84,1.93,0.12,0.67,2.26,9.16,0.66,1.23,861
2,12.1,4.73,2.12,19.37,89,1.8,0.85,0.57,2.08,7.02,1.2,1.78,721
0,13.27,1.4,1.94,23.09,112,2.23,3.42,0.56,1.8,4.96,1.45,2.78,1081
0,13.32,2.19,2.42,14.46,89,2.08,2.75,0.39,1.76,6.26,1.12,3.07,1659
2,11.1,5.51,2.39,19.46,92,1.72,0.27,0.6,1.65,4.64,1.38,1.56,689
2,12.17,3.54,2.16,16.6,114,1.32,1.29,0.55,2.01,8.42,1.36,2.73,489
1,11.74,3.49,2.51,19.36,80,1.9,0.64,0.6,1.52,4.59,1.16,1.38,717
0,13.97,1.22,2.56,18.42,115,3.21,1.76,0.33,1.02,12.02,0.9,2.41,1536
2,12.49,5.29,2.82,20.08,93,1.4,0.21,0.59,1.05,11.2,0.89,1.09,699
2,12.29,2.9,1.73,15.64,94,1.18,0.54,0.38,1.72,3.34,0.55,1.96,763
0,14.74,2.03,2.19,14.54,116,2.54,1.84,0.41,2.44,6.28,1.4,2.12,1531
2,11.35,4.14,2.4,21.13,104,1.78,1.91,0.64,1.84,6.32,1.41,1.58,668
1,13.18,3.85,2.05,23.14,94,1.8,0.35,0.54,1.12,9.78,0.97,2.28,537
0,13.13,1.72,2.23,19.01,104,2.56,1.09,0.38,1.29,3.85,1.05,3.3,1213
0,13.41,2.45,1.93,15.02,85,2.52,3.13,0.35,1.73,7.8,1.44,2.25,1630
2,11.07,3.56,2.26,14.93,89,1.64,0.11,0.6,2.13,8.16,0.78,1.31,940
2,11.06,3.37,2.07,24.68,90,1.64,0.36,0.45,2.24,3.92,0.68,2.77,733
0,12.97,1.44,2.65,20.45,114,2.35,2.39,0.55,0.42,9.0,0.98,2.62,1507
2,10.57,2.98,1.75,15.17,83,1.46,0.69,0.37,1.87,7.36,0.8,1.52,744
2,11.49,4.4,2.74,25.9,81,1.32,0.05,0.74,1.78,13.61,1.01,1.09,889
0,11.99,1.62,2.08,19.54,115,1.71,2.63,0.54,1.71,5.6,1.19,2.85,641
0,11.58,1.39,1.84,19.19,110,1.45,2.4,0.58,2.19,3.42,0.78,2.72,706
2,12.38,3.78,2.09,23.06,76,1.74,0.2,0.7,1.44,10.05,0.79,1.4,813
2,12.95,2.22,2.37,18.29,103,1.96,2.64,0.44,1.98,4.93,0.98,2.9,1594
2,11.97,1.43,2.15,15.38,98,1.49,1.04,0.53,1.66,3.09,1.13,1.56,649
0,14.23,2.3,2.39,22.39,94,1.8,2.87,0.28,1.94,5.18,1.1,2.79,1192
1,10.66,3.14,2.22,16.42,91,2.34,2.24,0.5,1.35,5.62,1.13,2.54,707
0,12.78,1.43,2.33,20.8,108,2.24,1.41,0.28,1.72,6.13,1.44,2.07,1189
0,13.91,2.2,2.68,24.71,109,2.97,2.04,0.39,1.4,7.72,1.48,2.66,1310
1,12.13,1.69,2.17,19.79,95,2.25,3.33,0.54,1.81,3.08,1.25,3.13,635
0,11.73,1.39,2.38,18.38,93,1.85,0.56,0.63,2.15,5.7,1.03,2.76,599
2,12.22,4.57,2.01,18.31,88,1.32,0.48,0.6,1.52,8.04,1.31,1.19,744
0,13.32,1.28,1.9,14.16,95,1.55,2.72,0.39,2.12,6.19,1.36,2.78,637
1,13.59,3.19,2.34,20.22,97,2.59,2.41,0.24,2.16,5.45,0.74,1.28,569
2,11.9,2.37,2.35,21.87,78,1.55,0.94,0.62,2.5,10.87,0.79,1.49,669
2,12.44,2.17,2.47,19.18,118,1.69,0.17,0.36,1.89,3.18,1.23,1.57,763
2,13.42,1.56,2.11,16.32,110,2.13,3.37,0.62,1.57,8.49,1.4,2.71,382
1,11.71,2.34,2.17,13.38,103,1.29,2.18,0.59,1.56,9.74,0.88,2.16,833
0,12.35,1.92,2.32,18.37,91,2.8,2.37,0.37,2.16,3.58,1.25,2.41,1029
2,13.32,1.96,2.74,17.65,108,2.67,2.17,0.39,1.3,5.78,1.14,2.5,1323
2,11.71,4.51,2.38,20.68,99,1.28,0.9,0.56,2.08,3.8,1.27,1.88,440
1,11.78,3.54,2.58,14.97,116,2.33,3.1,0.27,2.06,6.13,1.14,3.56,1338
2,12.42,2.78,2.36,13.35,90,2.5,0.91,0.55,1.22,4.71,0.52,1.44,789
1,12.41,2.08,2.34,21.75,112,2.48,-0.38,0.65,0.85,6.06,1.31,3.23,665
0,13.3,2.11,2.61,15.44,103,2.22,2.77,0.34,1.29,5.67,0.99,2.35,1413
2,11.57,3.49,2.32,11.07,98,1.72,0.6,0.53,1.63,9.99,1.14,1.36,779
1,11.96,2.04,2.15,13.15,91,1.61,0.48,0.6,1.91,6.38,0.65,1.6,882
2,13.66,1.26,1.86,18.6,88,1.41,0.57,0.56,2.62,5.46,0.59,1.5,922
1,12.23,3.48,2.39,25.22,113,1.61,0.4,0.62,2.26,11.26,1.16,2.32,812
2,11.0,1.97,2.18,22.55,86,1.57,0.03,0.5,2.45,11.51,0.63,1.15,931
0,12.4,1.83,2.14,21.26,119,1.42,-0.04,0.63,2.08,5.9,1.43,2.77,741
0,13.25,2.02,2.14,25.24,105,2.19,2.38,0.36,1.8,6.75,1.33,2.99,1472
2,11.88,2.49,2.29,18.35,83,1.48,1.0,0.61,1.46,6.07,0.67,1.82,827
2,11.22,3.14,1.96,24.17,91,1.46,0.76,0.56,1.67,1.7,1.07,1.86,430
0,14.49,1.81,2.53,17.31,87,2.79,2.09,0.4,1.96,5.7,1.29,3.43,1323
0,12.07,1.4,2.44,15.18,114,2.02,2.21,0.32,2.56,6.0,1.13,2.86,1155
2,12.2,2.44,2.08,18.33,76,2.05,0.03,0.58,2.08,7.36,1.05,1.54,942
0,12.86,1.44,2.81,19.78,88,3.26,3.06,0.25,1.12,4.5,1.31,3.18,1111
0,13.39,1.68,2.36,14.72,104,2.74,1.66,0.37,2.09,5.8,0.88,3.17,683
0,13.45,1.43,2.16,19.23,94,2.75,2.0,0.33,1.48,4.24,1.21,2.58,1261
0,13.46,2.03,2.46,17.93,115,2.04,1.86,0.4,1.7,5.74,1.25,2.78,1144
0,12.69,1.45,2.96,14.01,91,2.85,2.32,0.35,1.62,7.64,1.32,2.41,1357
0,13.48,2.46,2.26,22.32,101,2.14,0.98,0.41,1.4,5.58,1.36,2.0,1588
0,12.88,2.28,2.69,18.84,84,3.18,1.09,0.42,1.23,5.91,1.35,2.46,1429
1,13.67,2.21,2.27,19.25,82,1.78,2.44,0.31,1.23,10.93,0.99,3.02,1188
0,12.74,2.15,2.72,14.64,85,2.76,1.78,0.38,1.1,7.43,1.17,2.41,1490
0,13.54,1.65,2.5,19.02,97,3.01,2.16,0.34,1.13,6.51,0.99,2.22,1469
0,14.04,1.96,2.75,19.82,81,2.49,0.96,0.44,2.96,8.04,1.28,2.88,1285
0,13.04,2.07,3.03,23.42,94,2.59,2.59,0.38,1.71,8.07,1.36,3.05,1331
2,11.39,1.76,2.49,17.38,101,1.52,0.57,0.72,0.93,5.56,0.62,1.45,825
2,12.57,4.06,2.37,19.88,100,1.38,2.23,0.62,1.2,8.69,0.6,2.43,548
1,11.03,2.42,1.91,16.48,95,1.55,3.59,0.58,1.34,1.0,0.85,1.33,532
0,13.1,1.72,2.23,16.22,93,2.31,2.37,0.34,2.26,11.5,1.05,2.62,714
2,11.1,3.33,1.78,16.71,89,1.69,0.36,0.5,1.47,3.26,0.68,1.15,899
0,13.14,2.09,2.32,23.79,107,2.05,2.09,0.39,1.62,11.38,1.23,2.65,1394
2,11.55,2.62,2.09,13.45,95,1.23,0.8,0.55,1.36,9.74,0.85,1.97,700
0,13.97,1.85,2.59,16.92,110,3.16,2.71,0.51,2.31,5.47,0.88,2.39,1499
2,12.04,3.29,2.5,19.75,102,1.58,0.36,0.66,2.28,6.27,0.64,1.45,896
1,11.14,1.9,2.16,21.05,100,1.26,0.52,0.56,1.39,4.19,0.82,2.9,1613
0,14.02,1.76,2.32,19.39,89,2.28,2.53,0.39,1.72,6.16,1.39,2.74,1264
2,11.52,3.76,2.45,22.97,88,1.5,0.42,0.67,1.63,12.05,0.73,1.45,720
2,12.24,3.13,2.26,23.72,98,1.08,0.09,0.52,2.08,11.87,0.9,1.5,771
0,14.04,2.06,2.02,21.84,91,2.66,0.67,0.34,3.93,5.86,1.56,2.17,1497
0,13.28,4.39,2.36,18.18,126,2.4,2.18,0.73,2.52,13.08,1.14,3.14,1430
0,13.33,1.8,1.67,16.64,77,2.46,3.32,0.33,1.8,5.33,1.29,2.83,1052
0,12.77,1.96,2.18,17.94,116,2.29,1.27,0.48,2.06,4.69,1.35,2.11,1279
2,12.35,2.47,2.07,19.12,95,1.72,-0.1,0.68,1.82,6.82,0.56,0.86,825
2,13.39,2.49,2.24,21.7,113,1.88,0.73,0.21,1.54,10.68,0.64,2.47,648
2,11.15,2.13,2.67,16.79,97,1.48,1.1,0.64,1.88,5.97,0.75,1.42,658
0,13.65,1.76,1.98,17.12,74,2.79,2.06,0.4,1.83,3.11,1.34,2.85,1539
2,12.24,4.16,2.57,15.14,98,1.46,-0.87,0.64,1.76,7.54,0.97,2.46,811
0,13.12,1.36,2.55,19.0,107,2.04,2.08,0.36,1.56,6.31,1.37,2.54,1137
2,13.51,1.48,2.38,16.72,91,1.83,0.36,0.64,1.24,8.87,1.39,2.61,585
2,11.43,3.14,2.45,17.21,96,1.86,1.27,0.44,0.81,7.76,1.24,1.56,641
1,12.82,1.96,2.13,19.71,93,2.93,3.3,0.37,1.37,3.53,1.27,1.99,1184
1,11.88,1.41,2.39,21.09,102,2.67,2.49,0.37,1.68,4.89,1.05,2.63,489
1,11.84,3.08,2.5,17.79,100,1.29,3.24,0.62,1.32,5.04,0.9,2.96,556
0,12.52,1.63,2.81,14.29,90,1.77,2.7,0.4,1.7,9.35,1.16,3.48,1277
2,11.97,3.92,2.14,16.39,78,1.4,1.16,0.51,1.62,9.62,0.55,1.28,913
0,12.69,1.71,2.57,17.26,96,1.64,1.53,0.56,1.99,9.45,1.01,1.5,672
0,13.06,1.91,2.64,14.36,116,1.56,3.36,0.37,1.86,4.28,0.98,2.82,751
0,13.47,1.92,2.13,15.79,88,2.03,1.8,0.31,1.17,5.6,1.37,1.92,1449
0,13.7,1.78,2.13,17.31,100,2.84,2.19,0.35,3.27,6.52,0.92,2.46,1542
2,12.94,2.83,2.1,20.48,75,1.97,0.09,0.55,2.69,11.32,0.76,1.02,1023
2,11.91,3.1,1.94,20.2,83,1.36,0.91,0.64,1.54,3.57,0.76,1.54,974
1,11.3,1.18,2.06,17.67,84,1.4,1.07,0.65,1.73,7.33,1.12,1.64,771
2,11.41,4.03,2.37,18.85,101,1.75,1.27,0.72,1.53,9.8,1.09,1.38,1359
1,11.86,2.16,2.31,13.42,93,1.78,3.99,0.35,1.25,3.11,1.09,2.98,622
1,12.23,2.25,2.2,22.49,119,2.49,1.52,0.53,2.12,4.04,1.09,3.16,1150
1,11.27,1.45,2.13,22.13,104,2.29,2.47,0.35,1.35,2.79,1.39,2.06,1341
0,11.64,1.86,2.16,21.72,92,1.5,1.5,0.59,1.36,5.97,0.93,2.72,470
0,12.69,1.69,2.3,16.4,108,3.03,1.79,0.38,1.55,5.64,1.11,2.79,1535
0,12.62,1.78,2.23,20.58,92,2.66,2.97,0.72,1.01,3.8,1.24,1.07,694
1,13.0,1.49,2.54,20.12,103,2.61,2.04,0.47,1.37,2.62,1.28,2.79,712
2,12.61,1.52,2.16,22.0,100,2.21,0.72,0.66,1.26,6.92,1.26,1.62,442
2,12.6,3.62,2.55,18.55,89,2.86,2.82,0.58,1.31,6.36,1.12,2.56,651
1,12.88,2.19,1.91,19.45,104,2.28,2.85,0.38,1.56,2.82,1.1,2.35,1413
2,13.53,0.94,2.31,17.57,112,2.17,3.02,0.32,2.31,3.78,1.23,2.3,1204
2,13.08,3.78,2.22,18.18,105,1.92,0.51,0.59,1.54,4.26,1.3,1.51,732
0,13.77,2.04,2.06,18.58,105,2.32,1.89,0.34,1.72,6.95,1.22,2.66,1589
2,11.1,5.02,1.91,19.3,74,1.53,0.64,0.55,2.19,6.87,0.92,1.86,641
1,11.3,1.56,2.55,18.73,108,2.38,2.07,0.34,1.55,10.68,1.19,2.64,1640
2,11.7,2.43,2.2,17.83,95,1.47,0.48,0.48,2.07,8.91,0.78,1.16,818
2,12.63,1.79,2.64,20.61,116,1.82,0.72,0.65,0.72,7.94,1.34,2.36,642
1,12.67,1.65,1.96,10.92,125,2.18,0.53,0.65,2.38,7.64,1.01,2.91,835
2,11.18,4.03,2.35,15.46,108,2.15,-0.21,0.42,1.91,5.09,1.14,1.31,723
0,13.07,2.28,2.08,23.74,95,2.06,2.48,0.3,1.79,4.36,1.38,3.03,1475
2,12.26,1.76,2.76,23.74,90,1.57,0.36,0.6,1.58,6.68,1.17,1.32,766
0,13.41,2.42,2.07,18.95,95,1.91,1.63,0.4,0.8,7.21,1.35,2.94,975
1,13.42,2.26,2.27,17.45,112,3.26,1.27,0.64,1.84,9.07,1.21,2.88,1762
0,11.57,2.18,2.51,20.66,80,3.25,3.59,0.63,1.38,7.52,1.04,2.5,579
0,11.56,1.42,2.09,17.93,97,2.65,2.33,0.32,1.45,4.78,1.24,2.65,617
0,12.89,1.53,2.15,17.13,98,1.61,1.98,0.33,1.6,7.01,1.24,2.46,1546
0,13.49,2.37,2.39,13.28,100,2.76,2.1,0.31,2.12,6.61,1.14,2.66,1387
2,12.32,3.63,2.36,23.67,91,1.44,1.57,0.63,2.04,4.45,0.7,2.13,676
2,10.86,3.02,2.37,15.41,94,2.8,0.72,0.71,1.91,4.26,1.02,1.35,862
1,13.25,1.44,2.11,17.05,96,2.06,2.4,0.35,1.42,4.05,1.22,3.31,1222
2,11.3,4.2,1.81,17.85,83,1.65,1.11,0.65,1.74,6.14,1.07,1.59,468
2,13.51,1.9,2.63,19.43,128,1.23,1.81,0.5,2.14,5.17,0.67,1.49,670
0,11.26,2.24,2.1,20.84,96,3.19,3.01,0.31,1.67,4.88,1.27,2.75,1055
0,13.11,2.99,2.39,16.5,113,1.81,0.7,0.37,2.01,10.38,0.9,1.15,743
2,12.22,0.97,2.27,15.13,83,1.3,1.53,0.52,2.31,7.5,1.2,1.55,633
1,13.14,1.27,1.75,14.0,97,1.81,3.0,0.29,2.2,4.5,0.7,2.93,857
1,10.89,4.9,2.08,17.17,87,1.24,1.06,0.61,2.09,5.2,0.77,3.54,662
0,12.97,1.91,2.06,17.76,85,2.73,1.95,0.7,1.5,1.46,1.05,2.74,830
1,13.44,2.02,1.56,18.73,118,1.54,2.27,0.34,2.7,4.35,1.2,2.93,843
2,11.87,2.45,2.11,12.85,102,1.5,0.44,0.48,2.44,3.92,0.73,2.03,555
0,13.17,1.25,2.32,18.41,104,2.44,2.5,0.4,1.9,3.28,1.0,2.86,1380
2,12.03,4.01,2.27,16.31,104,1.72,0.08,0.59,1.97,10.14,0.86,1.66,691
2,11.6,2.92,2.78,16.93,104,1.55,0.25,0.56,1.28,10.79,0.46,1.85,878
0,14.08,2.14,2.72,15.57,96,2.93,1.75,0.33,1.56,5.9,0.92,2.48,1785
0,13.13,1.93,2.2,12.21,105,1.97,2.76,0.62,1.59,6.14,1.33,2.93,1119
2,11.46,2.36,2.54,18.89,130,2.16,0.99,0.58,0.83,4.0,1.11,3.06,664
2,11.28,4.55,1.74,19.62,93,1.58,0.05,0.44,2.34,9.54,0.68,1.43,846
2,12.63,2.2,1.75,24.19,90,1.56,0.6,0.55,1.75,6.94,1.15,1.38,778
0,13.41,2.12,2.07,16.12,104,1.95,2.01,0.42,1.95,3.94,1.41,2.4,1397
2,11.82,3.47,2.31,19.75,80,1.8,0.25,0.66,1.62,10.33,0.78,1.51,737
0,13.4,1.82,2.8,16.87,96,1.97,1.08,0.37,1.86,4.69,1.57,2.74,1523
0,13.67,1.14,2.45,16.77,100,2.36,2.16,0.35,1.36,10.0,1.26,2.85,1570
2,12.4,3.65,2.67,16.0,88,1.62,0.7,0.62,1.01,4.4,1.18,1.42,702
0,13.91,1.6,2.24,19.94,65,1.9,2.14,0.35,2.43,5.46,1.47,2.3,1628
0,13.23,1.84,2.26,16.25,97,2.89,3.06,0.34,1.29,3.25,1.01,2.64,1756
2,11.6,5.82,1.98,13.89,88,1.99,1.28,0.65,2.24,5.01,1.16,1.76,669
2,13.43,3.1,2.36,22.71,101,1.55,0.36,0.54,1.04,11.6,0.52,1.04,839
1,11.34,1.73,2.27,14.67,97,3.17,2.44,0.52,1.91,3.75,1.69,2.74,1339
0,11.85,1.91,2.43,18.89,123,1.79,1.78,0.52,1.72,8.88,1.3,2.78,1328
0,13.55,2.02,2.31,17.94,85,1.85,2.29,0.44,1.83,6.93,1.33,2.7,1245
1,13.32,2.3,2.02,17.12,75,3.22,1.74,0.41,1.25,6.17,1.47,2.42,1326
1,12.69,2.16,2.59,19.91,97,2.48,2.27,0.37,3.14,4.99,1.2,2.88,932
1,12.88,1.28,2.34,20.1,107,1.49,2.78,0.32,2.09,5.22,1.31,2.7,714
0,11.72,1.68,2.23,16.05,101,2.41,1.89,0.43,1.26,2.73,1.25,2.22,659
0,13.59,1.86,2.39,18.75,89,3.32,1.93,0.39,1.3,3.54,1.12,2.37,1590
0,13.1,2.38,1.82,18.99,104,1.84,1.35,0.38,2.87,3.93,1.46,2.3,1463
2,13.56,3.91,2.28,17.93,85,2.43,3.6,0.3,1.44,5.03,1.01,2.66,1416
0,11.92,1.34,2.45,21.37,93,1.32,3.23,0.59,1.79,4.37,0.95,1.68,768
1,11.23,2.22,2.15,18.57,108,1.52,1.65,0.6,1.72,10.31,0.98,2.51,716
2,11.49,2.1,2.96,22.01,129,2.27,1.59,0.41,1.59,7.53,1.12,2.82,530
2,11.82,1.95,2.18,19.2,87,2.44,1.19,0.61,1.46,6.56,0.96,1.93,562
2,12.56,4.01,2.07,20.52,102,2.25,0.51,0.55,2.12,7.16,0.73,1.32,800
0,14.63,1.78,2.06,22.87,71,2.28,3.42,0.26,1.62,5.24,1.34,2.57,1506
1,11.94,2.35,2.28,18.09,129,2.32,1.78,0.28,1.97,7.09,1.11,2.5,738
1,11.94,4.11,2.41,14.93,93,1.93,1.13,0.55,1.01,11.68,0.88,3.04,710
2,11.67,3.35,2.08,18.32,90,1.38,0.93,0.53,2.25,4.0,1.24,1.78,679
2,12.68,3.82,2.47,15.75,103,1.63,-0.02,0.5,2.08,5.72,0.59,1.81,731
2,13.1,0.94,2.65,19.02,77,2.09,0.63,0.57,2.11,6.55,0.92,2.76,754
0,13.16,2.3,2.43,21.88,116,3.01,1.32,0.35,0.9,6.7,1.34,2.6,1607
1,10.88,1.7,2.94,19.41,109,1.51,2.29,0.3,1.0,5.52,0.82,2.75,1477
0,14.12,2.03,2.0,20.38,92,2.5,1.62,0.27,2.35,4.29,1.38,2.8,1362
2,12.17,3.12,2.38,21.46,97,1.06,0.41,0.47,2.32,12.28,0.92,1.89,728
1,11.87,2.35,2.27,15.98,90,1.45,0.6,0.5,1.35,8.43,0.79,1.55,810
0,13.38,1.41,2.42,21.91,99,2.28,1.55,0.36,2.35,3.21,1.44,2.25,1474
1,11.09,1.58,2.48,20.04,116,2.84,2.1,0.4,1.4,4.4,0.92,2.84,459
0,13.64,1.88,2.42,21.22,107,2.29,1.3,0.34,2.23,8.27,1.22,2.33,1571
0,12.42,2.1,2.21,17.28,96,2.81,3.17,0.44,2.75,5.66,1.16,2.96,1519
2,13.0,1.76,2.14,21.8,90,2.38,2.38,0.33,2.03,5.79,1.22,2.69,737
0,13.28,1.45,2.31,16.15,105,2.81,1.68,0.32,1.56,5.12,1.07,3.71,821
2,11.31,3.64,2.15,26.38,87,1.42,0.01,0.59,2.74,12.62,0.84,1.54,748
2,12.31,3.59,1.86,19.3,86,1.58,0.4,0.51,1.17,8.54,0.87,1.37,649
2,12.87,1.61,2.41,19.37,101,2.33,1.73,0.43,1.37,5.06,1.1,2.5,748
0,12.51,1.63,2.01,17.0,86,2.37,2.66,0.4,1.2,3.46,1.17,2.68,1461
1,12.71,1.8,1.68,21.59,86,2.08,2.6,0.27,1.97,5.68,1.35,2.31,1533
0,10.71,1.97,2.39,13.01,117,2.64,1.95,0.56,1.27,4.59,1.02,3.35,715
0,12.18,1.65,2.6,16.13,121,1.72,0.52,0.36,1.71,10.87,1.04,2.76,662
0,11.94,1.75,2.05,21.3,110,2.51,0.54,0.35,1.69,4.43,1.22,2.48,611
0,11.59,2.07,2.32,16.13,106,2.47,2.35,0.3,2.4,8.6,1.34,3.05,1233
2,11.01,1.94,2.14,16.71,84,1.45,1.22,0.48,1.45,2.54,0.72,1.7,685
1,11.7,4.18,2.21,22.16,115,1.63,1.13,0.5,1.43,3.2,1.1,3.28,501
0,13.34,1.84,2.52,17.81,104,2.55,0.84,0.34,2.7,6.4,1.29,2.92,1573
2,12.29,3.91,2.39,19.54,92,1.65,0.58,0.64,2.08,8.42,1.14,1.5,627
2,10.69,2.08,2.16,15.31,99,1.66,-0.14,0.57,2.74,9.2,0.85,1.91,893
0,12.34,1.3,2.0,18.99,103,2.36,3.54,0.55,2.56,13.44,0.77,1.46,580
2,10.78,4.78,2.02,26.9,81,1.4,0.26,0.59,1.7,12.95,0.73,1.0,813
2,12.48,3.9,2.26,18.38,89,1.29,1.25,0.43,1.86,7.92,1.33,1.45,794
0,12.11,1.97,2.28,18.57,90,2.42,2.5,0.28,1.19,2.79,1.23,1.71,1037
2,12.51,4.35,2.17,25.81,74,1.93,2.06,0.38,1.92,5.94,1.16,2.87,739
2,11.77,5.41,2.16,18.43,74,1.63,-0.08,0.61,1.88,14.08,0.83,1.5,892
2,11.3,4.12,2.34,17.27,96,1.52,0.35,0.6,1.26,5.44,1.06,1.87,587
2,11.23,3.48,2.31,22.39,92,1.9,-0.13,0.46,2.06,11.25,0.72,1.05,843
0,12.25,3.03,2.44,22.04,114,1.47,2.53,0.6,1.86,9.62,1.32,1.08,597
0,13.61,1.51,2.34,17.04,100,2.85,1.46,0.39,2.04,4.02,1.17,2.36,1370
1,12.02,3.71,2.29,20.35,94,2.14,0.66,0.65,1.92,6.48,0.73,1.54,696
0,13.17,1.96,2.02,15.44,83,2.57,3.28,0.54,1.52,3.87,1.15,3.16,523
0,13.74,4.14,2.08,22.0,123,1.79,0.49,0.52,2.44,7.2,1.27,1.74,423
2,12.68,3.64,2.21,21.72,127,1.44,2.31,0.32,1.93,9.05,0.98,2.8,572
2,12.19,3.22,2.28,26.75,97,1.2,0.26,0.66,1.53,5.16,0.97,3.01,615
2,11.95,4.15,2.74,23.45,92,1.34,0.68,0.68,2.17,13.26,0.91,1.77,938
0,12.78,2.07,2.13,12.72,93,2.89,1.0,0.48,1.65,4.44,0.79,3.17,1026
2,11.63,2.12,2.37,18.85,102,1.32,2.6,0.59,1.54,3.04,1.07,3.59,750
2,12.22,4.14,1.83,17.71,81,1.46,2.74,0.52,1.86,2.47,0.78,2.48,443
0,13.45,1.55,2.15,19.82,95,2.26,1.94,0.4,2.95,5.54,1.04,2.67,1523
0,12.03,2.09,2.54,17.54,115,1.94,2.19,0.35,1.9,8.81,1.33,2.78,1558
0,11.75,1.66,2.42,18.62,98,2.42,1.64,0.51,2.14,7.72,1.41,2.86,1329
0,13.53,2.46,2.34,18.35,120,2.35,2.27,0.36,1.73,8.63,1.19,2.73,1345
2,11.64,5.24,2.05,12.96,91,1.33,0.77,0.62,2.14,10.5,0.94,1.89,868
2,11.11,4.42,1.89,19.57,78,1.32,0.09,0.58,1.61,8.04,0.9,1.17,1031
0,11.59,1.94,2.29,16.79,135,2.69,1.5,0.46,1.32,5.91,1.11,3.29,1165
0,12.9,1.79,1.92,15.65,88,1.94,0.85,0.23,1.37,5.39,1.29,3.22,530
0,12.65,1.53,2.27,15.76,102,2.3,1.92,0.33,1.36,2.93,1.32,3.25,1261
0,12.87,2.15,1.8,21.26,114,2.66,1.08,0.37,3.28,5.54,1.45,2.44,1505
0,13.15,1.18,2.25,16.33,79,1.65,1.73,0.65,1.98,4.85,0.89,2.46,856
0,12.77,1.7,2.09,17.96,90,3.13,2.07,0.57,1.14,4.05,1.48,2.36,1124
0,14.57,2.16,2.38,19.57,114,2.16,1.86,0.34,1.69,8.53,1.43,2.67,1364
1,11.08,2.79,1.91,18.9,95,1.82,2.83,0.69,1.99,5.72,0.7,2.95,814
0,13.75,1.56,2.31,15.81,94,2.32,2.55,0.41,2.66,4.28,1.25,2.86,1445
0,13.1,1.99,2.28,16.68,91,2.9,2.04,0.36,1.92,5.66,1.19,2.85,1172
1,12.71,1.49,2.74,18.86,86,2.99,3.3,0.59,1.97,7.3,1.18,2.87,614
0,13.69,2.29,2.2,22.8,88,2.58,1.47,0.23,1.65,4.45,1.22,2.89,1669
2,13.94,2.89,1.96,15.88,93,2.5,2.9,0.43,2.04,4.18,1.17,2.62,1322
2,12.92,4.69,2.24,12.32,94,1.56,-0.11,0.58,1.53,10.6,0.8,1.56,825
1,12.46,1.71,1.99,17.24,112,1.58,2.51,0.48,1.45,7.92,0.74,2.11,465
2,11.1,3.51,2.24,18.36,84,1.51,0.65,0.59,0.69,10.11,0.8,1.26,765
1,13.06,2.17,1.99,16.34,96,1.87,0.81,0.57,1.11,5.22,0.91,1.19,817
0,11.47,1.56,1.83,16.46,94,2.33,1.29,0.34,1.58,4.7,1.14,2.11,1486
0,13.02,2.39,1.94,21.99,119,2.26,0.5,0.37,1.8,6.65,1.43,2.91,1409
1,10.9,2.06,2.47,22.3,94,1.66,1.17,0.58,1.38,4.69,0.8,1.72,826
2,11.32,3.41,2.3,22.28,86,1.19,0.89,0.48,1.6,4.7,1.15,1.43,631
0,13.22,2.28,2.37,17.17,101,2.57,2.15,0.35,1.52,8.67,1.05,2.61,1254
0,14.31,1.46,2.65,11.51,90,2.32,3.06,0.36,1.46,10.23,1.15,2.7,1198
2,11.08,3.95,1.88,15.4,92,1.2,0.63,0.6,2.55,6.93,0.96,1.51,879
2,11.65,3.95,2.56,20.19,87,2.15,0.26,0.56,0.7,6.46,0.88,1.58,868
1,13.14,2.35,2.69,16.84,90,2.92,3.77,0.56,1.13,12.1,1.0,2.96,1491
2,11.46,4.18,2.17,18.81,88,1.67,0.79,0.59,1.74,4.51,0.83,1.29,667
1,12.26,3.3,2.12,24.85,82,1.7,1.97,0.39,1.61,7.1,1.27,2.45,787
2,11.41,5.35,1.78,16.75,94,1.32,0.03,0.54,2.22,11.98,0.76,1.53,871
0,12.86,1.65,2.4,21.43,107,3.23,1.73,0.34,1.48,3.69,1.31,3.28,1245
0,12.62,1.53,1.79,13.24,76,2.26,2.59,0.5,1.96,5.21,0.98,1.68,762
0,11.53,1.67,2.33,13.38,94,3.24,0.76,0.57,1.14,4.39,1.24,3.07,1615
1,11.33,1.64,2.4,10.31,103,1.67,0.68,0.45,1.44,8.65,0.84,2.49,885
0,11.32,1.32,2.01,18.88,80,2.0,3.33,0.45,0.74,3.26,0.97,3.06,615
2,11.75,4.09,1.8,19.59,110,1.66,0.78,0.62,1.75,8.68,1.19,1.86,656
2,11.47,4.48,2.73,26.48,91,1.07,0.41,0.59,2.14,5.79,0.66,1.66,846
0,14.0,1.76,2.16,19.53,86,2.63,1.7,0.3,3.24,10.52,1.44,2.08,1341
2,12.19,4.41,2.34,10.78,109,1.73,0.13,0.53,2.44,11.96,0.41,1.62,958
1,11.76,1.8,2.34,21.74,86,2.1,1.76,0.36,1.87,3.06,0.88,2.66,888
0,13.33,1.51,2.16,22.13,130,2.8,3.09,0.28,1.43,3.2,1.28,3.13,1206
2,13.27,3.78,2.5,16.65,123,1.71,1.26,0.49,1.79,11.09,0.97,2.57,773
1,12.0,5.02,2.19,24.72,85,1.61,0.9,0.58,1.4,11.16,0.7,1.36,682
0,13.96,2.05,2.72,18.15,106,2.97,2.24,0.37,2.54,5.39,1.22,2.25,1106
1,11.67,1.52,2.99,16.52,118,2.3,2.19,0.38,1.54,6.36,0.9,2.87,735
0,12.01,2.61,2.0,24.34,115,1.61,0.96,0.56,2.13,7.41,0.97,1.86,633
1,11.14,1.56,2.4,15.32,124,1.42,0.21,0.55,2.13,7.2,0.85,2.81,645
0,13.04,1.85,2.65,16.84,80,2.89,2.76,0.47,2.07,4.55,1.11,2.83,827
0,11.47,1.82,2.08,16.29,118,1.4,2.06,0.4,2.24,11.31,0.96,2.51,1149
2,12.29,2.41,2.34,19.3,97,1.86,2.13,0.42,1.66,4.18,1.19,3.19,642
1,10.65,1.87,2.44,14.58,122,2.85,1.78,0.4,0.74,5.25,1.1,2.46,1107
0,11.14,1.24,2.66,11.71,120,1.48,1.72,0.6,0.87,4.77,1.0,2.75,1398
1,13.1,0.87,2.04,17.65,109,2.91,3.18,0.22,1.51,3.41,0.96,2.93,1137
2,12.21,3.05,2.53,16.98,103,1.41,0.15,0.61,1.28,2.68,0.83,1.33,431
0,12.2,2.78,2.18,16.16,91,2.97,1.13,0.42,1.7,5.85,0.96,1.67,528
0,13.46,2.27,2.29,17.86,73,3.23,2.51,0.26,1.58,3.57,1.25,2.44,1302
2,11.88,2.56,2.5,17.6,73,1.56,0.51,0.48,2.05,13.55,1.0,1.78,798
2,11.79,2.64,2.02,27.28,89,1.37,0.6,0.45,2.56,12.66,0.59,1.59,755
2,12.1,5.28,2.08,24.63,79,1.2,-0.02,0.68,1.36,12.14,0.67,1.51,993
2,12.12,4.47,2.57,18.1,89,1.84,-0.08,0.58,1.49,4.7,0.96,1.41,833
1,11.28,1.97,2.77,14.75,94,1.84,2.92,0.75,2.05,4.08,1.0,1.75,756
0,13.46,1.85,2.45,22.5,131,2.38,1.83,0.32,2.77,5.75,1.04,2.92,1177
1,11.52,1.38,2.03,17.67,87,2.82,2.56,0.42,2.19,4.32,2.24,2.77,499
2,10.9,2.98,2.13,22.14,102,1.62,0.4,0.62,1.42,5.94,1.07,1.58,824
2,11.8,3.81,2.42,20.11,88,2.13,1.22,0.52,1.91,12.84,0.83,1.97,784
0,11.43,1.88,2.17,23.57,101,2.08,2.27,0.36,2.5,5.08,1.19,2.59,1155
2,11.83,3.08,2.36,24.18,84,1.41,0.3,0.68,2.41,8.62,0.94,2.17,709
1,13.52,1.56,2.42,18.65,116,2.53,2.17,0.33,1.65,8.49,1.18,2.46,710
0,13.2,1.66,2.18,15.19,111,2.38,1.59,0.38,1.76,6.24,1.2,2.47,1254
2,12.18,3.74,2.02,18.94,96,1.27,-0.15,0.47,2.02,3.37,1.29,1.06,765
0,12.27,1.88,2.19,21.52,84,3.58,1.55,0.38,1.67,3.58,1.21,2.39,1442
2,12.9,1.64,2.4,19.62,92,0.99,-0.39,0.57,2.23,13.1,0.82,1.2,949
2,12.15,5.62,2.48,19.02,121,1.46,0.48,0.72,1.47,9.51,1.33,1.8,778
1,13.13,1.92,2.18,18.6,107,3.01,0.19,0.66,1.5,3.92,1.1,2.19,1234
0,12.97,1.73,2.15,15.64,96,3.19,2.72,0.4,1.74,3.62,1.29,2.99,1101
2,13.63,1.54,2.34,13.66,97,3.52,2.34,0.54,1.6,8.3,1.17,1.38,913
1,12.92,1.47,2.02,13.97,114,2.45,1.73,0.26,1.94,12.65,1.01,2.42,1468
1,12.68,2.97,1.93,25.89,103,2.33,1.95,0.35,0.88,7.29,1.07,2.91,1283
1,13.51,1.57,2.25,17.86,97,2.92,0.51,0.33,1.55,5.37,1.07,2.82,801
1,11.92,1.48,1.98,14.2,91,1.99,1.48,0.55,1.45,5.08,1.16,2.96,561
0,13.11,2.13,2.3,20.17,112,1.84,2.27,0.31,1.65,3.13,1.37,2.35,1243
0,13.61,2.32,1.97,17.44,101,2.41,1.57,0.3,2.62,4.2,1.29,2.81,1333
2,13.35,4.17,2.74,14.25,84,1.25,0.82,0.45,0.96,12.58,1.05,1.44,956
0,12.22,1.88,2.48,15.78,117,2.93,1.61,0.52,2.04,6.54,1.15,3.18,706
1,13.6,1.85,1.88,18.57,90,1.98,2.72,0.34,2.37,9.35,1.2,3.02,1136
0,11.89,1.92,2.44,14.43,89,1.99,1.52,0.67,1.78,5.04,1.29,3.4,867
0,12.85,1.91,2.56,25.64,108,1.87,2.01,0.34,2.08,8.69,1.5,2.12,1315
2,11.53,1.07,2.54,23.78,90,1.22,3.09,0.53,1.72,8.18,0.78,2.74,530
0,11.66,1.58,2.35,16.61,103,1.24,2.58,0.37,1.04,5.64,1.13,2.92,693
1,12.12,3.62,2.91,16.38,111,1.41,0.41,0.55,1.05,3.72,1.07,1.31,705
2,11.11,3.48,2.64,19.52,108,1.74,-0.08,0.63,1.55,11.32,0.65,0.96,792
0,12.78,1.88,2.57,12.53,87,1.44,3.66,0.58,1.54,2.97,1.22,2.76,727
1,11.59,3.24,2.34,10.19,101,1.37,0.32,0.45,1.54,5.42,1.09,3.49,479
0,11.19,1.98,2.33,23.13,97,1.43,3.03,0.59,1.89,5.26,1.2,1.69,683
0,11.66,1.53,2.03,17.58,89,3.22,2.18,0.46,1.28,7.91,1.31,3.1,1132
2,12.64,4.04,2.69,23.25,83,1.71,0.65,0.69,1.4,6.57,0.88,1.74,907
2,12.82,3.89,2.13,24.71,91,1.83,0.74,0.59,2.06,6.52,0.7,1.42,424
0,13.52,1.12,2.66,13.7,120,2.61,1.71,0.34,1.0,7.77,0.88,1.57,1382
0,13.67,1.45,1.77,18.74,105,2.44,2.0,0.42,1.61,1.1,1.46,2.96,1374
1,11.1,1.65,1.9,22.17,108,1.97,2.18,0.34,1.93,4.15,1.32,2.62,506
1,13.33,1.29,2.66,16.94,94,2.76,2.28,0.32,1.05,6.28,1.16,2.27,1106
2,12.87,3.55,2.29,18.1,90,1.47,0.4,0.5,2.57,4.76,0.67,1.63,685
0,13.22,1.71,2.41,18.42,105,1.81,2.27,0.39,1.79,7.23,1.32,3.05,1441
2,11.85,3.48,2.51,25.18,89,1.38,0.07,0.66,1.89,9.61,1.04,1.15,833
0,12.29,1.84,2.56,16.5,122,2.17,1.33,0.62,1.37,3.38,1.22,2.9,1307
2,12.37,3.32,2.53,25.99,98,1.72,0.69,0.6,1.61,5.83,0.67,1.38,706
1,12.01,2.24,2.65,15.65,98,1.22,1.62,0.57,2.52,5.68,0.88,1.39,785
2,11.78,3.88,2.52,19.16,105,1.78,1.54,0.6,1.45,7.03,0.57,1.71,728
2,12.6,2.48,2.1,17.79,78,0.96,0.87,0.53,1.31,7.62,0.88,1.47,728
2,12.88,3.49,2.08,21.2,98,1.46,0.03,0.54,2.21,8.12,1.14,1.86,666
1,12.0,3.93,2.24,16.28,91,1.76,0.29,0.64,1.72,5.46,1.16,1.29,774
1,12.69,4.53,2.7,23.63,113,1.4,0.19,0.49,1.55,6.95,1.08,1.16,827
2,11.14,3.22,2.83,20.67,89,1.74,2.19,0.63,1.25,5.49,1.18,3.3,718
0,13.98,1.23,2.33,15.92,79,1.84,2.23,0.37,1.39,5.13,1.33,2.66,1335
1,13.0,1.84,2.09,12.66,107,2.23,1.26,0.35,2.15,10.16,1.18,3.28,1782
2,12.59,1.37,2.54,21.35,96,1.21,0.43,0.55,1.32,1.55,0.72,1.93,681
0,13.24,2.06,2.41,18.1,90,2.68,1.31,0.37,1.83,6.57,1.32,2.79,1642
1,11.79,1.92,2.29,16.22,102,1.54,1.2,0.51,2.3,5.6,1.11,1.2,660
1,13.36,1.83,2.5,17.69,103,2.58,2.65,0.37,1.75,5.74,0.9,2.8,693
1,11.79,3.56,2.81,20.48,83,1.99,0.87,0.57,1.45,3.06,0.83,2.85,651
0,12.17,1.42,2.27,16.53,88,2.61,2.08,0.39,1.7,5.9,1.43,2.87,1311
2,13.66,2.15,2.17,21.49,103,1.37,1.55,0.29,1.37,8.66,1.28,2.87,566
1,11.97,2.09,2.28,18.71,110,2.41,2.07,0.53,0.86,8.01,1.01,2.66,887
2,11.89,1.62,2.21,22.77,87,1.62,1.62,0.61,2.19,8.99,0.82,2.66,632
2,11.69,4.41,2.45,23.84,87,1.54,0.3,0.62,1.99,9.38,0.76,1.47,601
2,11.61,3.63,2.03,21.37,100,1.5,0.93,0.45,2.23,5.17,0.73,1.97,623
0,13.67,1.87,2.19,18.1,78,3.08,1.76,0.36,1.84,5.88,0.99,2.74,1457
2,11.69,4.02,2.29,11.98,98,1.75,-0.06,0.44,2.06,6.57,0.7,1.13,845
0,12.8,2.28,2.38,15.33,90,2.78,1.39,0.66,1.96,3.59,0.87,2.96,833
2,12.26,2.89,2.44,14.9,90,1.6,-0.19,0.49,2.52,3.59,1.0,2.66,687
2,11.21,2.18,2.7,20.45,99,2.13,1.92,0.39,1.32,10.85,1.16,2.84,786
0,11.36,1.4,2.55,20.21,83,2.22,1.63,0.33,1.76,9.56,1.21,2.45,1710
0,12.94,2.0,2.41,16.83,111,2.87,2.31,0.18,1.98,5.76,1.07,3.16,730
0,11.79,1.85,2.22,15.11,98,1.5,3.04,0.46,2.16,4.1,1.02,3.16,652
0,13.23,1.54,2.32,16.3,90,2.85,1.71,0.4,2.36,6.51,1.27,2.67,1476
1,12.28,1.72,2.13,19.2,111,1.68,0.59,0.4,1.7,3.89,1.2,2.89,443
2,12.86,1.24,2.27,15.45,92,1.77,1.46,0.65,1.94,4.17,1.24,1.34,663
2,12.08,4.55,2.5,24.6,99,1.68,-0.13,0.64,2.18,5.83,1.29,1.24,757
2,11.63,2.08,2.19,16.61,93,1.97,0.57,0.68,2.18,4.57,1.44,1.56,841
1,12.52,1.88,2.5,16.08,87,1.74,0.37,0.7,1.94,10.24,0.95,1.75,675
2,11.85,3.71,2.06,16.58,87,1.24,1.2,0.59,2.09,10.95,1.27,2.76,534
2,13.57,1.48,2.55,19.17,115,2.4,0.42,0.4,1.78,10.16,1.24,3.2,574
1,11.62,3.95,2.41,20.94,88,1.48,1.14,0.51,1.54,5.7,0.63,1.34,595
0,13.28,2.05,2.12,20.37,90,2.63,1.31,0.36,1.78,7.4,1.11,2.46,1535
2,12.42,3.75,2.55,21.89,80,1.69,0.28,0.48,1.72,6.12,0.75,1.28,786
0,13.34,1.45,2.36,19.65,91,2.46,2.4,0.27,1.49,7.18,1.13,2.7,1022
0,11.07,2.22,1.96,20.63,95,2.79,1.41,0.35,1.86,5.76,1.33,3.03,577
0,14.36,1.95,1.99,16.51,84,2.25,1.92,0.32,3.34,7.47,1.29,2.67,1731
1,11.83,4.69,2.24,13.57,106,1.38,0.94,0.58,1.96,10.85,1.14,1.5,855
0,12.52,2.38,2.28,26.44,88,2.85,2.4,0.35,1.35,5.69,1.52,2.12,1551
0,13.51,1.45,2.4,21.09,81,2.27,1.72,0.32,2.1,11.5,1.48,2.44,788
0,13.36,0.95,2.78,14.92,101,2.2,1.93,0.56,1.78,13.83,1.17,2.82,1583
0,11.33,1.26,2.2,21.92,113,2.72,2.38,0.55,1.04,3.96,1.07,1.7,1531
2,12.41,4.42,2.13,12.82,94,1.56,0.12,0.52,2.43,4.12,0.64,1.56,734
1,13.86,2.14,2.54,17.58,88,2.3,2.45,0.37,2.16,4.04,1.21,3.44,521
1,13.12,5.2,2.67,18.1,106,2.56,2.58,0.62,1.18,4.51,1.1,3.22,973
1,11.58,1.59,2.88,18.68,91,3.65,1.94,0.67,1.41,9.82,1.27,2.55,826
2,12.53,2.24,2.63,18.73,95,2.74,2.46,0.64,1.95,9.37,1.26,2.94,749
1,13.1,2.02,2.4,15.61,93,2.48,2.04,0.39,2.07,3.8,1.29,2.89,1256
1,11.68,2.84,2.35,14.78,74,1.72,3.48,0.49,1.24,5.69,0.73,1.76,751
0,12.7,1.55,1.98,13.68,111,2.2,1.27,0.29,1.71,4.12,1.23,2.3,797
0,13.26,2.0,2.16,11.32,86,2.69,2.05,0.42,1.07,11.43,0.98,3.21,1556
1,12.21,3.85,2.4,20.94,119,1.18,-0.03,0.56,2.46,7.41,0.72,1.82,625
0,13.59,2.25,2.07,21.5,78,1.7,2.71,0.37,1.9,7.28,1.46,2.1,1363
0,10.64,1.65,2.43,14.19,86,1.68,1.74,0.7,1.71,3.74,0.9,2.77,1397
0,13.85,2.14,2.31,11.48,108,2.47,1.68,0.3,2.01,3.95,1.15,2.51,1721
0,12.87,2.22,2.26,17.47,89,2.67,2.35,0.44,1.9,4.32,1.37,2.83,1087
2,12.7,2.91,2.05,20.2,92,1.52,-0.21,0.44,2.52,12.79,0.78,1.56,996
0,12.96,1.55,2.24,14.28,81,2.82,1.6,0.54,0.99,7.32,1.22,2.81,1250
2,11.66,4.13,2.06,23.85,86,1.83,0.7,0.68,2.22,3.94,0.82,1.58,846
2,12.94,5.86,2.44,17.65,79,1.74,1.29,0.49,1.94,6.09,0.75,1.8,746
0,13.37,1.99,2.5,18.3,92,2.84,1.9,0.6,1.18,6.02,1.25,2.51,1263
2,11.33,2.68,2.42,19.31,82,2.06,2.18,0.34,2.08,4.93,1.39,3.49,1400
0,12.9,1.79,2.26,17.17,99,2.88,1.67,0.37,1.99,5.82,1.41,2.5,1744
0,12.96,2.2,2.46,11.12,121,2.98,1.84,0.36,1.3,6.88,1.08,2.33,1501
0,12.49,2.02,2.12,14.27,75,2.18,3.51,0.33,1.29,3.91,1.16,3.22,905
2,12.95,1.22,2.33,16.51,83,1.72,0.27,0.62,2.12,5.03,1.18,1.45,897
0,13.49,2.22,2.02,18.35,114,1.98,2.19,0.36,2.38,7.07,1.31,3.34,1113
2,11.38,3.37,2.25,21.42,102,1.75,0.38,0.55,1.85,12.14,0.73,1.17,806
2,12.75,3.84,1.94,25.98,95,1.45,0.47,0.57,1.87,6.43,0.95,1.55,554
0,10.89,1.25,2.65,23.07,92,1.99,1.62,0.37,1.79,6.98,1.34,2.5,1072
1,12.45,4.61,2.51,22.1,123,2.67,1.91,0.33,1.62,5.86,1.25,2.6,737
0,13.6,1.75,2.26,16.55,119,2.14,2.92,0.33,1.82,2.96,1.35,2.74,1049
0,13.38,1.31,2.03,17.01,86,3.22,3.03,0.32,1.89,4.78,1.27,2.23,1241
1,12.47,1.74,2.39,19.13,108,2.53,2.11,0.32,2.07,7.67,1.28,1.9,1430
2,11.54,2.8,2.07,11.49,92,1.07,0.74,0.63,2.4,3.26,0.77,2.39,815
0,13.19,1.43,1.98,18.65,116,2.92,2.37,0.41,2.26,7.78,1.28,2.72,1407
2,10.74,1.99,2.42,14.23,72,1.22,-0.15,0.57,2.21,6.42,0.73,1.86,794
2,12.14,3.39,2.04,27.07,88,1.36,0.7,0.58,2.21,10.4,0.78,1.27,892
2,11.17,3.28,2.39,15.59,86,1.62,1.12,0.68,1.77,7.7,0.96,1.61,743
2,11.33,3.49,1.82,18.5,112,1.36,0.02,0.58,1.8,5.65,1.04,1.51,741
1,11.42,1.85,2.33,16.76,81,1.54,1.96,0.55,2.01,10.42,1.08,2.68,683
2,12.02,3.54,2.31,17.6,92,1.29,0.62,0.41,1.34,2.4,0.64,1.54,565
0,13.41,2.21,2.0,18.15,95,2.44,1.5,0.39,2.54,6.98,1.48,2.69,1612
1,11.0,1.33,2.18,20.42,89,1.17,1.57,0.59,0.94,3.71,0.91,3.18,609
0,13.0,1.6,2.22,15.81,101,2.5,3.12,0.47,1.36,9.16,0.98,2.96,1332
1,14.01,1.95,2.14,19.84,91,2.41,2.95,0.36,0.86,6.42,1.17,2.52,926
0,11.78,1.26,2.69,21.46,98,2.25,2.92,0.6,1.51,8.91,1.11,2.13,575
2,12.26,3.64,2.23,10.5,79,1.12,-0.08,0.53,2.6,3.94,0.69,1.98,979
0,12.66,1.74,2.08,17.89,99,2.16,2.33,0.36,1.57,3.41,1.32,2.54,566
2,12.72,3.86,2.76,18.22,79,1.54,0.5,0.64,1.84,6.58,0.68,1.14,921
1,13.9,4.18,2.3,21.84,98,1.22,1.06,0.58,1.68,8.98,0.84,2.76,841
2,12.61,2.86,2.72,21.23,103,1.14,0.93,0.56,2.03,6.06,1.2,1.44,644
1,11.04,4.34,2.29,18.2,91,1.37,3.14,0.38,1.94,4.96,1.25,1.76,615
2,11.95,4.27,2.29,22.29,89,1.54,0.94,0.6,1.41,8.43,1.17,3.07,760
2,10.92,3.57,2.18,17.07,97,1.86,0.91,0.66,1.83,8.88,0.9,1.43,738
1,11.34,1.83,2.17,22.74,100,2.82,1.82,0.39,2.19,4.31,1.08,3.25,772
1,13.54,1.63,2.5,20.15,105,1.7,2.17,0.53,2.4,7.34,1.18,1.94,1111
1,12.84,1.89,2.36,15.1,92,2.14,2.15,0.57,1.51,4.26,1.02,2.8,980
2,12.61,2.25,1.97,17.06,96,1.35,0.74,0.68,2.25,7.61,0.99,1.81,672
0,12.75,1.54,2.27,24.07,97,2.74,1.46,0.28,2.18,5.17,1.16,2.48,1389
2,13.59,1.99,2.22,18.39,96,2.38,0.34,0.36,1.2,5.82,1.14,2.95,733
2,13.36,3.4,2.37,15.14,91,1.7,0.72,0.37,1.41,5.44,1.12,1.34,524
2,13.24,4.01,1.81,15.75,93,1.4,0.69,0.42,1.92,7.59,1.09,1.77,802
0,13.56,1.21,2.6,14.72,87,2.59,3.65,0.26,1.14,5.94,0.71,2.95,1394
0,14.26,2.03,2.43,13.59,89,2.09,1.91,0.5,1.83,2.94,1.18,3.03,1465
0,12.21,1.85,2.02,16.98,94,2.25,2.37,0.37,1.68,11.13,1.19,2.73,1589
0,13.94,1.72,2.67,17.16,114,2.43,1.24,0.34,1.58,6.29,1.34,2.48,1742
2,10.57,1.59,2.56,23.67,90,2.34,0.95,0.57,1.2,6.49,0.76,1.7,571
1,11.98,3.98,2.31,20.16,94,2.93,2.01,0.58,1.98,5.46,1.26,2.86,709
0,12.74,1.22,2.24,13.96,85,2.92,3.39,0.58,1.4,5.87,1.07,2.84,1156
0,12.83,1.3,2.22,20.32,102,1.54,0.3,0.52,1.76,2.41,0.76,3.11,675
2,11.98,4.42,2.13,19.5,92,1.28,0.32,0.57,1.88,12.96,0.6,1.8,831
1,11.77,1.31,2.5,18.68,114,2.28,2.3,0.62,1.35,6.57,1.12,3.07,1449
0,13.0,1.4,2.4,19.39,120,2.74,1.23,0.49,2.91,4.13,1.19,2.88,789
2,11.95,2.94,2.3,23.54,89,1.23,0.7,0.59,2.21,10.4,1.31,1.36,580
0,12.64,1.47,2.12,15.35,106,1.9,1.8,0.62,1.66,7.11,1.37,3.27,1387
0,13.43,1.72,1.93,14.81,88,2.0,2.19,0.27,1.89,1.04,1.35,2.22,1327
2,11.4,4.64,2.29,18.0,88,1.61,0.53,0.61,2.3,8.39,1.01,1.35,680
1,10.9,3.42,1.96,23.45,107,1.44,0.48,0.54,1.64,7.35,1.24,1.56,491
2,11.71,4.34,1.82,21.32,84,1.81,-0.02,0.53,1.85,6.82,0.83,1.21,707
2,12.63,4.42,2.3,14.28,97,1.87,-0.55,0.62,1.52,6.66,0.66,1.08,958
0,12.37,1.53,2.28,11.67,111,2.57,2.63,0.34,1.27,6.97,1.11,2.46,1285
2,11.26,1.86,2.46,17.93,76,2.12,2.26,0.4,1.38,2.04,1.19,3.14,778
2,11.85,4.28,2.4,26.99,89,1.58,-0.42,0.58,2.05,9.43,0.78,1.18,753
2,13.43,5.44,2.01,20.35,83,1.74,0.91,0.7,1.92,11.01,0.89,1.37,892
0,13.62,5.5,2.33,18.84,100,2.3,1.72,0.28,2.36,5.03,1.19,2.42,1251
2,13.53,3.8,2.32,20.39,101,1.17,0.55,0.4,1.94,3.19,1.18,1.44,487
2,12.14,3.96,2.3,16.12,92,2.74,0.95,0.56,1.88,5.39,1.03,2.8,842
1,10.6,1.75,2.39,13.1,92,1.29,2.71,0.53,1.33,4.84,1.16,1.34,1582
2,12.59,3.64,2.43,15.78,84,2.73,3.17,0.51,1.69,11.48,1.15,1.75,779
2,10.9,4.64,2.02,17.58,94,1.68,-0.15,0.56,2.17,10.85,0.87,1.34,868
2,12.46,2.16,1.95,13.05,83,1.75,2.66,0.54,2.43,3.41,0.81,2.63,577
0,13.26,2.42,2.26,13.98,115,2.07,2.4,0.57,2.16,3.85,1.2,2.72,1340
1,11.69,2.68,2.35,19.48,96,1.45,0.57,0.56,1.5,8.12,1.29,1.46,834
2,12.8,2.65,2.26,20.86,96,1.29,0.11,0.45,0.89,5.03,0.92,1.43,567
2,10.76,1.89,2.09,21.22,80,1.94,0.5,0.63,2.34,8.56,0.81,1.23,764
0,11.62,2.88,2.72,20.16,92,2.97,1.79,0.58,1.88,9.29,1.28,2.29,1415
1,12.08,1.34,2.42,21.09,89,2.26,0.06,0.58,2.04,4.87,0.92,2.65,690
0,12.6,1.56,2.14,16.47,105,2.26,3.39,0.32,1.69,8.87,1.11,2.94,1569
2,11.85,4.39,2.05,19.51,96,1.71,1.46,0.61,1.03,5.48,0.72,1.43,781
2,11.8,3.3,2.65,20.38,110,1.44,3.84,0.47,1.25,6.04,1.02,1.59,677
1,11.89,2.87,2.27,15.33,90,1.17,1.26,0.38,1.58,9.26,0.82,1.97,402
0,13.42,1.37,2.38,17.73,98,2.47,1.58,0.27,1.37,5.41,1.11,2.57,1355
2,12.34,4.6,2.49,20.18,111,1.62,0.14,0.64,1.19,5.87,1.13,1.95,886
2,12.07,4.66,2.41,19.76,80,1.34,0.49,0.65,2.35,13.86,0.65,1.87,949
2,12.05,4.22,2.29,18.47,102,1.76,0.74,0.54,1.72,4.51,0.81,1.92,790
1,12.77,1.2,1.95,21.84,110,2.33,3.05,0.61,0.87,4.22,1.22,2.62,975
1,10.96,1.39,2.16,19.61,80,2.47,1.95,0.41,1.57,5.38,1.11,3.32,663
2,11.87,4.71,2.46,18.66,96,1.47,-0.18,0.57,1.5,14.61,0.74,1.06,701
0,13.26,2.25,2.34,15.51,97,1.17,3.26,0.59,1.27,6.69,1.08,3.05,930
0,12.17,1.68,2.13,16.35,112,2.21,2.59,0.3,2.0,7.42,1.03,2.65,1268
2,11.98,5.75,2.35,19.82,96,1.67,0.01,0.51,1.76,3.35,1.09,3.32,494
1,12.95,1.81,2.34,19.99,101,2.38,2.06,0.5,1.89,1.33,1.26,2.97,1328
2,10.9,3.57,2.14,22.82,93,1.44,0.19,0.64,2.09,4.64,0.87,1.34,719
0,12.78,1.49,2.5,14.53,87,2.25,2.23,0.66,1.84,5.92,0.98,2.94,1683
1,11.57,2.08,2.34,19.1,81,1.73,2.4,0.4,1.85,5.08,1.08,2.81,680
2,12.54,5.59,2.49,12.56,84,1.98,0.13,0.55,2.2,7.67,0.7,1.88,902
2,12.76,3.08,1.98,15.78,95,2.06,0.51,0.49,2.74,11.26,0.52,1.7,878
0,13.99,1.99,2.16,17.01,83,2.27,3.32,0.32,3.26,6.07,1.32,2.08,1413
1,11.59,2.0,2.33,17.77,111,2.12,0.77,0.58,1.88,4.69,1.14,2.83,1118
0,11.3,1.62,2.35,15.46,90,2.17,1.73,0.6,1.79,6.47,1.19,2.49,1342
0,12.98,4.36,2.58,18.37,93,2.21,2.83,0.34,1.46,6.23,1.17,2.22,1141
2,12.97,4.77,2.12,22.24,112,1.33,0.7,0.5,1.51,9.72,1.17,1.82,670
0,12.03,2.11,2.02,23.42,90,1.41,0.84,0.53,2.36,3.26,0.58,3.74,546
0,12.94,2.37,2.33,22.35,91,2.53,1.76,0.39,1.28,10.34,1.35,2.41,1352
1,12.98,1.68,1.92,18.71,95,1.63,2.68,0.55,1.55,5.82,0.9,1.24,760
2,11.98,4.0,2.06,19.24,101,1.65,-0.34,0.6,1.82,9.59,0.76,1.41,800
2,11.48,1.38,1.89,18.14,91,1.24,3.56,0.64,1.79,7.83,1.08,2.91,879
2,12.09,3.53,2.17,21.76,98,1.38,-0.27,0.58,2.39,11.83,0.79,1.6,849
0,14.47,2.04,2.38,16.09,90,2.63,2.79,0.32,2.54,6.76,1.36,3.19,1344
2,12.36,4.83,2.35,16.85,92,2.01,-0.15,0.66,0.97,10.56,0.81,1.42,868
0,13.66,2.09,2.22,23.7,106,2.12,1.83,0.41,2.77,4.93,1.46,2.61,1190
2,12.9,3.35,2.25,17.96,69,1.68,0.8,0.57,2.0,8.64,0.97,1.68,703
0,13.13,2.23,1.85,17.86,112,2.34,3.26,0.61,2.12,4.49,1.01,3.34,688
2,12.9,2.63,2.64,20.59,93,1.16,1.17,0.52,0.84,11.75,0.6,1.71,808
2,11.79,4.31,2.05,18.63,89,1.49,1.35,0.38,1.89,8.27,0.68,1.49,728
0,11.27,2.1,2.11,13.83,105,2.7,1.61,0.42,2.32,11.25,1.32,2.9,1488
0,13.98,1.2,2.36,16.27,79,2.75,2.93,0.26,1.9,9.02,1.2,2.62,1158
1,10.84,2.1,2.58,20.22,103,3.08,2.19,0.41,1.11,4.29,1.28,2.49,595
2,11.01,3.61,2.36,26.34,100,1.32,0.04,0.55,2.06,7.36,0.89,1.4,702
1,14.11,4.98,2.22,20.57,88,0.94,1.88,0.47,1.52,4.95,1.48,3.15,473
2,11.82,3.24,2.37,20.76,81,1.42,0.77,0.62,2.49,12.88,0.76,1.59,865
2,10.65,3.11,2.02,13.17,94,1.64,0.2,0.67,2.07,5.85,0.96,1.23,863
1,12.63,1.62,1.96,17.2,96,2.69,2.45,0.35,1.99,6.02,1.04,2.7,1372
1,12.39,2.04,2.48,21.34,99,2.73,2.4,0.4,1.0,5.07,0.98,2.37,1064
0,13.19,2.17,2.32,15.48,123,2.67,2.03,0.54,1.6,5.43,1.5,3.38,1360
1,13.03,1.36,2.46,18.68,89,1.62,2.54,0.58,1.7,2.78,0.58,2.73,771
0,11.15,1.95,1.97,25.12,85,2.29,2.48,0.38,0.87,3.66,1.41,3.26,1040
1,11.34,3.04,2.52,18.54,81,1.66,1.36,0.73,1.96,11.71,0.66,1.82,860
1,13.18,2.29,2.39,20.53,108,2.36,1.6,0.39,1.78,6.7,1.06,2.48,1451
2,11.6,3.34,2.16,17.54,84,2.06,0.51,0.67,1.42,8.47,1.27,1.23,601
0,13.14,1.7,2.4,16.03,105,2.53,1.79,0.37,1.79,4.66,1.12,2.6,1419
2,12.16,4.14,2.07,19.7,110,2.5,0.39,0.47,1.99,8.86,0.82,2.63,702
2,13.44,1.46,2.45,13.47,87,2.53,2.55,0.34,1.21,7.01,0.96,2.77,1444
1,11.72,1.83,2.45,17.7,109,2.16,2.47,0.55,1.18,7.93,1.0,2.82,612
0,12.55,1.58,2.15,22.17,71,2.65,2.08,0.34,0.93,4.84,1.17,2.38,618
0,13.23,1.98,2.3,28.1,109,1.72,1.18,0.39,2.03,6.59,1.59,2.55,1555
2,11.57,2.68,2.36,21.18,89,1.57,1.15,0.56,1.77,11.6,0.59,1.18,913
0,12.65,1.17,2.41,16.25,98,2.33,1.78,0.36,1.5,5.55,1.49,2.62,1505
2,12.2,4.09,2.19,16.53,92,1.56,1.01,0.64,1.88,7.96,0.79,1.29,675
1,13.09,1.44,2.06,17.82,101,1.47,0.56,0.27,1.97,5.81,0.98,2.6,696
2,12.26,3.9,1.92,13.39,78,1.71,1.14,0.47,1.13,3.75,1.14,1.83,799
1,11.39,1.59,2.13,17.39,101,2.92,2.51,0.57,1.45,4.13,0.94,1.2,806
2,12.31,4.02,2.03,14.9,93,1.79,0.57,0.51,2.22,7.53,0.7,1.42,796
2,12.04,5.49,2.31,22.18,79,1.47,0.27,0.61,1.91,7.03,0.81,1.36,839
2,11.99,2.26,2.22,14.31,89,0.92,2.04,0.58,2.36,5.05,0.81,1.93,783
2,12.27,1.22,1.81,21.43,88,1.61,0.06,0.52,2.26,4.2,0.49,0.97,855
2,12.84,4.31,2.6,20.8,84,1.19,0.48,0.59,2.63,9.42,1.83,1.46,547
2,11.0,3.19,2.76,24.66,91,1.53,1.93,0.54,1.87,9.51,1.17,1.71,763
0,12.5,1.32,1.89,20.65,103,2.22,1.7,0.4,2.18,4.12,1.14,2.9,1417
1,13.11,2.93,2.07,17.39,91,1.43,-0.22,0.37,2.06,2.91,0.77,1.37,655
2,12.29,3.42,2.01,14.12,79,1.55,0.95,0.65,2.27,10.43,1.64,1.36,813
2,11.03,1.65,2.25,13.22,93,1.42,1.24,0.52,1.51,9.58,1.06,1.24,599
1,11.87,3.81,2.75,21.43,96,1.7,-0.26,0.64,2.1,7.32,0.8,1.72,810
0,12.76,1.7,2.01,13.02,88,2.45,2.32,0.38,1.54,5.38,1.21,2.91,1343
2,11.4,2.91,2.47,15.58,105,1.58,0.34,0.58,1.47,9.77,0.61,1.46,800
1,13.61,1.96,2.32,19.21,72,3.44,3.34,0.36,1.55,5.84,1.07,2.45,1180
2,12.94,2.24,2.55,15.18,109,1.72,1.26,0.53,1.79,4.31,1.13,1.92,555
2,11.39,4.5,2.32,22.2,105,1.74,0.13,0.51,1.67,6.43,1.18,1.19,544
0,11.71,1.81,1.9,15.23,94,1.68,3.58,0.31,1.99,3.83,0.9,3.36,1287
2,11.7,1.44,1.96,17.0,94,1.72,0.94,0.5,1.44,8.84,0.66,1.55,875
2,11.67,2.98,2.24,15.74,99,1.91,1.92,0.62,2.52,3.45,0.76,1.94,687
0,13.8,1.09,2.37,16.0,84,2.65,2.23,0.31,1.82,5.51,1.28,2.4,1523
0,13.42,1.81,2.08,17.23,96,1.99,1.68,0.33,1.7,11.38,1.29,2.94,1007
1,11.38,1.9,2.12,20.12,106,2.66,2.23,0.58,1.43,4.71,0.72,3.18,1171
2,11.54,2.56,2.24,15.39,91,1.46,0.05,0.63,1.43,5.03,0.98,1.88,875
2,12.23,3.32,2.04,26.12,75,1.35,0.71,0.52,2.03,8.65,0.75,1.06,730
2,11.32,4.35,2.65,19.05,90,1.38,0.33,0.61,1.51,6.19,1.34,1.32,718
0,13.28,1.54,2.36,11.37,89,2.48,1.04,0.71,1.9,4.62,1.13,2.34,1755
0,13.52,1.3,2.35,17.63,98,2.62,1.78,0.31,2.08,13.04,1.19,3.25,1427
0,13.04,1.71,2.44,20.56,93,3.28,2.38,0.38,1.31,10.02,1.07,2.5,1148
0,12.5,2.39,2.78,16.4,96,2.75,1.72,0.59,1.82,6.77,1.2,2.9,1269
0,13.31,1.9,2.12,15.39,83,2.08,1.18,0.42,3.17,7.14,1.56,1.94,1519
0,13.36,1.66,1.9,18.27,75,2.08,1.55,0.34,1.84,5.82,1.56,2.4,1581
0,13.61,1.68,2.49,21.43,109,2.25,2.0,0.38,1.59,5.44,1.42,2.63,1506
2,11.62,4.08,2.06,18.09,88,1.08,-0.14,0.46,1.79,13.19,1.39,1.68,703
0,13.54,1.62,1.82,17.16,87,1.99,2.61,0.26,1.63,5.07,1.43,2.2,876
0,13.1,2.13,2.0,18.45,108,2.05,1.61,0.32,1.52,9.89,1.42,2.23,1225
0,10.98,5.39,2.0,19.22,81,1.82,3.29,0.54,1.75,5.55,0.97,3.48,713
0,13.08,1.48,2.43,17.64,88,1.84,1.93,0.6,1.47,9.81,1.19,2.9,1256
0,13.55,1.09,2.59,16.1,99,1.81,2.49,0.33,1.72,4.82,1.31,3.09,1354
2,13.61,4.69,2.6,15.01,95,1.61,0.61,0.62,1.79,3.88,1.32,1.77,809
2,11.64,3.48,2.12,11.27,104,1.12,1.27,0.58,2.35,7.56,0.64,1.9,701
2,11.18,3.42,1.89,22.79,114,1.63,-0.28,0.52,2.85,12.6,0.49,1.36,921
2,12.6,1.3,2.24,16.04,108,1.37,0.8,0.46,1.24,6.89,0.53,1.49,743
2,12.11,1.85,2.33,22.41,108,1.81,1.43,0.52,2.19,5.33,1.24,1.41,724
0,12.62,1.5,2.49,20.09,103,1.95,1.76,0.41,1.28,5.47,1.36,2.6,1653
0,13.25,2.35,2.27,20.74,87,2.29,2.66,0.38,2.0,6.52,1.3,2.38,1727
1,11.65,1.5,2.21,20.02,105,1.74,2.84,0.62,1.41,6.04,0.86,1.83,711
0,12.83,1.67,2.49,18.18,99,2.8,1.9,0.25,1.1,5.66,1.01,2.35,1615
2,11.75,3.52,2.02,20.53,84,1.5,0.69,0.52,1.28,10.61,1.53,0.98,892
1,11.01,2.27,2.04,17.54,86,1.67,2.19,0.5,1.72,9.53,1.24,2.28,677
2,11.31,3.55,2.0,15.92,95,1.45,2.24,0.57,2.03,5.3,1.08,3.38,613
2,13.83,2.26,2.5,23.56,110,1.73,0.93,0.35,1.25,7.46,1.41,2.44,828
0,12.96,1.42,2.86,22.91,77,2.67,1.91,0.38,0.82,6.62,1.5,2.63,1653
2,11.27,1.91,2.55,15.91,112,2.16,0.02,0.67,1.71,3.55,1.02,2.76,554
1,11.96,1.88,2.86,23.36,116,2.37,1.67,0.67,1.41,11.04,1.08,3.06,831
1,11.82,3.12,2.78,11.51,107,1.68,-0.38,0.61,2.17,9.33,0.7,0.94,950
1,11.36,1.49,2.43,21.7,106,2.57,1.49,0.52,1.79,3.1,1.18,1.96,668
0,12.22,2.25,2.35,11.55,89,2.19,2.61,0.37,1.5,4.83,0.92,3.16,1100
2,12.7,3.59,2.55,18.38,84,1.17,0.51,0.64,2.4,8.77,0.86,2.08,774
0,13.59,2.03,1.86,19.4,102,2.45,1.6,0.4,1.89,7.02,1.08,3.06,888
2,11.64,3.23,2.56,17.13,111,1.23,0.63,0.63,1.7,7.9,0.68,1.35,800
0,13.05,1.69,2.27,18.52,110,2.11,2.26,0.61,1.47,5.45,1.28,2.67,1083
2,12.24,2.95,2.15,17.15,90,1.57,0.55,0.53,2.51,10.54,0.77,1.27,705
1,13.67,2.17,2.65,16.85,120,2.58,1.62,0.36,1.85,4.55,0.87,2.84,735
0,12.49,2.24,2.27,19.08,107,1.99,0.96,0.42,1.43,6.17,1.42,2.42,1838
0,13.4,1.93,2.55,19.12,96,2.23,1.55,0.38,2.34,6.02,1.56,2.54,1597
0,12.16,1.13,2.22,17.88,102,2.84,1.34,0.44,1.2,3.85,1.24,2.6,1397
1,11.78,1.47,2.09,19.72,94,1.9,2.52,0.67,2.19,7.94,1.39,1.5,613
1,13.73,1.69,1.95,19.13,84,2.41,2.38,0.26,1.18,4.92,1.04,2.54,484
0,13.48,1.45,2.26,17.21,87,1.8,2.16,0.29,1.97,6.91,0.95,2.29,1642
0,11.94,2.28,2.62,17.49,112,1.77,2.29,0.43,1.62,9.39,1.21,2.45,700
1,12.37,2.16,2.14,23.0,94,2.07,0.82,0.54,1.94,5.07,0.99,2.93,759
2,11.28,1.58,2.17,21.72,90,1.14,0.88,0.67,1.51,6.65,0.92,1.23,831
1,13.5,3.41,2.15,16.34,101,1.23,0.25,0.32,2.24,6.4,1.18,1.58,614
0,12.79,3.85,2.02,17.68,88,2.35,3.22,0.33,1.06,8.65,1.18,2.66,1558
2,11.32,2.49,2.13,22.31,96,1.45,0.44,0.52,2.19,6.87,0.75,1.49,659
2,12.33,4.76,2.27,16.59,99,1.57,0.23,0.55,2.03,3.54,0.83,1.57,461
1,11.99,4.11,2.56,24.64,90,1.54,2.51,0.54,1.66,4.15,1.42,1.6,728
2,13.03,3.11,2.65,12.94,95,1.5,0.62,0.47,1.54,5.41,0.73,1.5,889
0,13.24,2.54,2.16,14.22,97,2.23,1.9,0.34,2.78,10.01,1.19,2.99,1221
0,12.78,1.73,2.5,19.43,84,3.1,2.98,0.35,1.8,5.73,1.2,2.73,1463
0,13.13,1.8,2.28,19.92,77,2.42,2.32,0.37,2.0,4.93,1.19,2.15,910
2,11.54,4.86,2.26,16.29,96,1.55,0.84,0.54,2.11,8.03,1.31,3.01,855
0,13.09,2.02,2.67,22.8,122,2.45,1.22,0.39,2.31,4.81,1.35,3.2,1492
0,13.56,1.2,2.72,18.8,115,1.99,1.7,0.41,1.73,2.59,1.34,2.33,1190
1,11.05,1.19,2.08,19.27,78,2.7,2.35,0.47,1.05,6.54,1.02,1.0,786
0,10.88,1.75,2.1,15.7,98,2.0,1.54,0.37,1.43,5.89,1.04,3.13,1474
0,13.52,1.8,1.91,22.58,97,3.04,1.73,0.29,2.47,4.38,1.5,2.49,1080
2,11.0,2.2,2.32,18.88,105,2.46,2.84,0.34,1.54,10.6,0.98,2.74,644
0,12.98,1.65,2.66,18.42,105,2.79,1.52,0.29,1.88,2.16,1.44,2.9,1328
2,10.94,4.38,2.5,13.35,95,1.36,1.19,0.66,1.55,11.89,0.97,1.83,701
2,11.53,4.33,2.15,16.27,117,1.44,-0.11,0.5,2.86,13.73,0.7,1.82,924
2,13.6,4.28,2.46,20.63,96,1.15,0.64,0.61,2.08,4.81,1.46,1.83,601
0,12.76,2.62,1.54,20.71,90,2.58,0.94,0.39,3.59,3.2,1.44,1.98,1578
0,12.97,1.6,2.18,23.21,94,1.94,2.17,0.57,3.77,5.24,1.42,2.73,1254
0,12.96,1.16,2.33,11.09,91,2.44,2.6,0.36,1.55,10.98,0.9,2.95,1558
2,12.48,3.37,2.3,14.58,97,1.86,0.99,0.55,1.88,8.12,1.09,1.39,701
1,13.78,1.77,2.44,17.07,82,2.59,1.39,0.33,1.33,4.17,1.45,2.64,1089
0,12.76,1.98,2.78,15.27,96,2.76,0.85,0.33,1.22,6.47,0.86,2.99,1528
0,12.63,2.15,2.13,19.89,81,2.46,2.81,0.3,2.01,5.16,1.4,2.92,1465
0,12.64,2.23,2.32,18.9,91,3.09,1.18,0.38,0.76,4.92,1.41,2.56,1521
0,12.58,2.01,2.28,22.08,82,3.48,1.09,0.59,2.76,9.67,1.18,1.96,1476
2,12.22,2.93,2.08,13.8,95,1.82,0.43,0.52,2.5,10.82,0.81,1.2,846
1,13.41,2.35,2.54,10.98,99,2.88,2.53,0.33,2.11,12.49,0.76,3.19,1458
2,12.0,1.06,2.67,24.19,133,2.17,2.51,0.67,2.15,3.72,1.12,2.46,519
1,13.46,2.29,2.68,11.36,94,1.66,0.62,0.44,1.32,5.96,1.27,1.95,734
2,11.75,1.18,2.39,25.79,116,1.88,1.65,0.52,1.28,4.8,0.69,1.7,449
1,11.92,3.62,2.28,18.32,93,1.72,1.01,0.55,1.88,5.63,1.03,2.76,726
0,12.87,1.65,2.71,24.49,106,2.83,1.27,0.34,1.81,7.98,1.07,2.22,1486
2,12.92,5.06,2.34,19.02,124,3.05,1.78,0.39,1.11,6.95,1.2,2.5,791
0,12.77,1.88,2.19,17.58,86,1.6,0.61,0.35,2.53,7.22,1.15,3.25,1339
2,11.97,4.67,2.2,12.09,87,1.89,1.79,0.47,1.42,3.39,0.69,2.13,653
2,13.22,2.0,2.14,18.98,82,1.78,0.92,0.63,2.01,10.63,0.72,1.8,798
2,12.81,1.95,2.2,15.99,90,1.76,0.97,0.7,1.54,4.82,0.84,3.61,689
2,11.61,3.63,2.07,15.8,85,0.95,0.5,0.57,2.38,12.97,0.66,1.45,770
2,12.4,1.7,2.49,13.74,89,2.56,2.21,0.56,1.44,5.18,1.14,3.1,1528
2,13.0,3.19,2.27,15.92,86,1.74,1.0,0.61,1.42,5.32,0.9,1.24,729
0,13.38,3.63,2.28,16.85,87,2.23,3.1,0.33,1.52,5.27,1.22,2.27,1524
0,13.34,1.93,2.0,17.93,88,2.29,1.23,0.31,2.56,5.92,1.21,2.15,1248
2,11.96,4.58,2.12,11.88,113,1.2,0.75,0.57,1.59,10.41,0.75,1.92,796
2,13.3,2.17,2.18,14.57,93,1.74,-0.06,0.51,1.97,9.9,0.94,2.41,927
1,11.81,1.69,2.35,16.03,121,2.69,1.9,0.63,1.96,3.16,1.24,2.51,630
2,12.74,3.81,2.52,15.74,107,1.85,2.57,0.54,2.14,6.35,0.62,1.25,752
2,13.64,4.76,2.37,21.44,118,1.54,0.01,0.59,1.73,5.63,1.23,3.33,670
0,12.95,3.72,2.34,19.22,87,1.78,1.0,0.45,1.54,5.39,0.84,2.86,788
0,13.52,1.33,2.41,14.23,95,2.31,2.6,0.43,1.48,4.65,1.27,2.82,1350
0,12.0,1.16,2.6,13.76,96,3.23,2.18,0.21,2.21,7.21,1.05,2.81,1383
2,11.57,4.78,2.21,15.57,93,1.62,1.39,0.54,2.12,11.29,1.45,2.25,515
2,12.3,4.71,2.2,23.31,88,1.66,0.17,0.52,1.7,9.87,0.75,1.38,712
0,13.51,2.26,2.31,21.67,103,2.53,1.61,0.3,3.16,7.19,1.42,2.32,1455
0,11.13,2.23,2.34,18.91,94,2.14,1.9,0.42,1.96,12.6,1.14,3.08,436
2,10.93,1.74,2.02,16.52,99,1.04,3.15,0.56,2.0,4.84,0.99,3.44,670
1,12.76,1.32,2.64,17.52,92,2.68,2.38,0.38,2.02,4.62,1.14,2.55,1554
0,12.67,1.95,1.91,19.32,106,2.46,3.17,0.24,2.19,6.56,1.18,2.12,1555
0,13.82,2.01,2.34,22.56,97,1.75,2.52,0.4,1.3,5.48,1.3,2.86,1205
0,12.4,1.36,2.54,23.67,100,2.52,1.57,0.33,1.43,5.68,1.36,2.68,920
1,11.29,3.25,2.09,20.52,91,1.88,0.81,0.7,1.98,9.92,0.99,1.88,793
0,11.46,2.08,2.45,15.24,115,2.92,2.08,0.59,1.83,6.42,0.95,2.84,1580
1,12.03,1.53,2.89,13.16,111,1.38,2.62,0.6,1.46,11.22,0.7,2.86,895
2,10.76,2.69,2.12,16.24,103,1.88,0.72,0.61,1.26,7.62,1.09,1.09,677
1,11.5,3.81,2.32,14.54,92,1.44,-0.38,0.7,1.37,5.54,0.64,1.03,876
2,11.86,2.86,2.13,22.78,92,1.9,0.43,0.56,2.11,11.61,0.61,1.75,752
0,12.64,2.46,2.28,20.67,115,2.86,2.15,0.54,2.08,7.03,1.16,2.58,1639
1,11.12,3.79,2.29,18.29,100,1.35,2.86,0.58,1.31,5.39,1.18,3.77,754
2,11.53,1.76,2.57,17.33,91,1.47,0.26,0.6,2.18,6.47,0.81,1.12,602
1,13.47,1.45,2.36,19.37,121,2.19,0.5,0.43,1.64,6.16,1.3,2.29,605
1,13.21,2.23,2.1,18.44,88,1.72,3.13,0.59,1.22,3.35,1.28,2.78,468
0,13.05,1.43,2.31,16.41,97,2.64,1.25,0.43,3.18,8.16,1.46,1.93,1757
2,11.24,2.32,2.16,21.67,91,1.69,-0.24,0.49,1.31,5.97,0.97,1.57,472
2,12.35,3.26,2.33,20.98,95,1.82,1.15,0.53,1.9,7.05,1.15,1.43,649
0,13.03,2.1,2.34,18.95,103,2.55,1.91,0.57,2.01,5.57,0.99,2.63,608
0,12.68,1.76,2.1,15.52,97,2.16,1.83,0.29,2.39,6.92,1.16,2.63,1429
0,12.82,1.68,2.6,22.07,105,1.73,3.05,0.53,1.64,5.25,1.12,2.85,393
2,12.36,2.88,2.29,14.22,88,1.62,0.45,0.62,2.13,12.69,0.85,1.61,691
0,13.06,1.18,2.15,16.24,91,2.33,2.84,0.42,1.91,3.46,1.48,2.89,1229
2,11.57,1.86,2.19,18.86,97,1.53,0.53,0.77,2.25,7.47,0.93,1.47,700
0,13.89,2.12,2.09,15.85,99,2.81,2.13,0.28,1.76,4.98,1.28,2.18,1586
2,12.85,4.75,2.01,28.31,96,1.37,0.76,0.57,2.52,2.68,0.89,1.38,806
0,12.45,1.44,1.94,23.24,90,1.7,1.69,0.48,2.48,4.17,1.18,3.3,613
2,12.03,4.56,2.06,14.86,99,1.55,1.01,0.52,1.96,9.9,0.59,0.96,941
2,11.73,2.9,2.29,21.62,85,1.49,0.75,0.58,1.79,6.34,1.34,1.88,758
1,11.58,2.24,1.8,21.73,85,2.15,3.2,0.57,2.5,3.02,1.2,2.74,730
1,11.45,2.22,2.47,20.69,84,1.93,2.29,0.41,2.31,7.83,1.28,2.6,558
2,11.38,3.04,2.36,23.36,111,1.46,2.45,0.61,1.89,5.84,0.69,1.33,632
1,12.68,1.62,2.53,19.19,93,1.88,1.62,0.51,1.84,7.12,1.08,2.97,812
2,12.38,3.04,2.37,15.46,90,1.55,0.81,0.51,1.86,6.82,0.64,1.42,788
2,12.54,4.08,2.2,17.87,90,1.64,2.47,0.56,2.16,5.36,1.43,2.93,736
1,12.35,1.94,1.8,17.87,98,1.27,3.32,0.64,2.12,5.4,1.2,3.04,1138
1,10.85,4.59,2.19,17.37,120,2.53,0.09,0.58,1.16,7.18,0.86,3.34,701
2,11.74,4.22,2.09,23.54,85,1.6,1.05,0.64,2.14,4.08,1.77,1.89,701
0,13.34,1.1,2.22,17.89,82,2.86,1.38,0.35,1.31,6.64,1.53,2.39,1751
2,10.41,1.96,2.33,17.18,91,1.49,0.43,0.6,1.79,10.05,0.82,1.59,675
2,11.89,1.38,2.65,17.52,81,3.29,2.17,0.39,1.02,4.9,1.29,3.24,586
1,12.88,1.88,2.89,18.98,123,2.6,2.69,0.55,1.33,7.32,0.72,1.11,523
0,13.27,1.7,2.63,18.19,76,1.94,2.53,0.24,2.44,6.42,1.25,2.46,1268
2,12.14,2.82,2.36,19.12,97,1.71,0.5,0.48,2.23,8.09,0.87,1.91,793
0,12.32,2.0,2.46,22.11,99,2.35,2.27,0.57,2.0,12.04,1.35,2.45,611
1,13.05,1.73,2.24,21.75,104,2.23,2.1,0.46,1.55,4.46,1.1,2.45,1207
1,14.43,1.54,2.4,16.27,99,1.45,2.09,0.39,2.1,4.73,0.68,3.1,1382
1,10.96,1.59,2.14,16.82,96,2.71,2.79,0.63,1.11,4.46,0.82,2.79,727
1,11.26,1.78,1.83,19.05,109,1.36,0.62,0.33,1.4,5.48,1.06,2.7,757
2,11.38,3.42,2.33,22.98,97,1.62,0.55,0.52,2.06,10.54,0.52,1.54,810
2,10.85,2.75,2.62,23.9,98,1.7,0.85,0.61,2.36,7.41,0.72,1.48,1582
2,10.96,1.6,2.3,17.22,107,1.65,1.79,0.55,1.81,4.27,1.08,1.76,598
2,11.56,2.28,1.87,17.32,110,1.41,0.55,0.55,2.36,7.63,0.74,2.12,592
2,13.31,1.73,2.28,22.39,100,2.01,1.31,0.56,2.5,5.28,0.78,1.45,801
0,13.66,1.66,2.24,19.27,83,2.36,2.24,0.5,2.02,3.56,0.77,2.74,711
0,11.19,3.96,2.56,13.69,81,2.55,1.48,0.55,1.3,10.16,0.96,2.8,691
2,12.15,2.77,2.46,22.27,95,3.09,2.91,0.53,2.01,5.24,1.03,1.97,429
2,12.93,4.42,2.34,17.73,83,1.91,3.53,0.3,1.08,3.86,1.11,1.43,740
0,12.85,1.89,2.38,18.37,114,1.72,1.42,0.57,1.64,6.89,1.25,2.58,823
0,12.87,2.12,2.27,17.24,97,2.14,2.47,0.32,2.35,6.45,1.13,2.63,1811
0,12.68,1.49,2.35,18.58,93,2.87,1.21,0.36,1.33,8.71,1.34,2.44,1548
1,13.23,1.52,2.25,19.13,88,2.42,2.06,0.38,1.95,9.12,1.38,2.6,1209
0,12.52,1.79,2.34,21.82,99,2.66,1.82,0.39,0.8,3.33,1.4,2.26,1156
2,11.48,3.29,1.93,21.62,106,1.27,0.84,0.56,2.47,4.12,1.24,1.84,561
0,12.72,2.2,2.18,17.41,92,2.54,2.05,0.36,1.48,6.05,0.87,1.88,1506
0,14.02,1.59,2.28,16.01,95,1.83,2.18,0.55,1.28,3.95,1.21,2.56,1583
0,13.33,1.44,2.18,19.66,93,2.43,1.38,0.58,1.95,4.26,1.36,2.65,1259
0,12.66,2.34,2.03,17.03,91,3.15,1.81,0.4,1.52,5.46,1.44,2.6,1519
1,12.23,3.19,1.9,18.12,107,1.81,1.29,0.48,1.82,7.67,1.27,3.07,754
0,13.51,1.06,2.23,17.7,103,3.15,2.26,0.49,1.34,2.71,1.1,2.67,1597
2,13.22,4.78,2.45,20.53,102,1.57,0.01,0.64,2.26,7.43,0.72,1.84,788
0,13.78,2.1,2.58,13.96,94,2.66,2.42,0.51,1.65,4.84,0.91,2.96,634
0,14.28,1.36,2.52,18.41,123,1.95,1.67,0.39,2.48,5.74,1.34,2.75,1456
0,12.98,2.24,2.01,19.48,105,2.57,2.25,0.38,1.74,6.64,1.3,2.29,1146
2,11.93,2.07,2.31,17.02,83,1.33,1.26,0.65,1.54,4.16,1.5,2.94,569
2,11.38,4.27,2.06,18.03,110,1.47,1.3,0.52,2.6,9.69,1.03,2.87,583
1,12.94,1.18,2.72,25.6,91,2.43,2.49,0.39,1.6,3.27,1.44,2.59,668
0,12.98,1.61,2.2,18.32,108,3.11,1.88,0.36,1.82,4.58,0.87,3.05,1059
1,13.42,2.15,2.4,19.1,103,2.57,1.6,0.4,1.15,6.89,1.42,2.2,1451
2,10.6,2.16,2.21,20.08,79,1.66,1.0,0.62,1.95,12.43,0.74,1.06,949
2,13.06,2.11,2.43,20.29,85,1.56,0.25,0.64,1.4,6.19,0.77,2.75,1122
2,11.71,3.46,2.38,26.89,83,1.71,0.42,0.52,2.07,9.38,1.2,1.75,938
0,13.86,1.61,2.66,11.2,110,2.83,2.93,0.51,1.33,7.68,0.73,2.44,1488
2,12.28,2.07,2.09,20.37,74,1.92,0.86,0.62,2.24,4.82,0.78,1.91,875
0,13.19,1.9,2.38,13.71,84,1.96,3.76,0.33,1.46,3.86,1.05,2.95,1380
0,14.42,2.27,2.09,20.77,105,2.86,1.48,0.32,3.07,6.75,1.5,1.99,1569
2,12.54,4.84,2.37,21.24,115,1.66,0.6,0.55,1.42,6.65,0.83,1.58,627
1,10.91,0.99,2.32,21.04,95,2.94,2.92,0.41,1.38,5.6,1.12,2.2,577
2,12.61,3.0,2.06,17.02,79,1.82,0.51,0.39,1.31,3.45,1.01,1.8,705
0,13.18,1.91,1.91,15.27,82,2.24,3.27,0.36,1.63,6.79,1.25,2.31,910
2,11.32,3.17,2.0,24.02,98,1.75,0.13,0.58,1.79,10.95,0.84,0.99,910
0,13.08,1.55,2.23,14.15,95,2.03,2.37,0.49,2.81,5.78,1.54,2.32,1291
0,12.16,4.1,2.14,17.01,85,1.35,0.46,0.54,2.01,8.86,1.35,1.67,781
0,10.87,3.71,2.04,12.71,89,1.77,0.43,0.6,1.88,6.09,1.14,1.49,610
0,11.14,1.54,2.33,19.87,124,1.19,1.89,0.6,2.04,10.4,1.16,2.55,1285
0,13.04,1.57,2.68,17.71,107,2.81,2.95,0.37,1.58,8.0,1.13,3.14,930
2,12.18,3.28,2.54,20.45,94,1.64,-0.18,0.66,1.7,9.0,0.8,1.24,836
2,12.01,4.25,2.35,15.1,98,1.42,1.21,0.54,1.35,7.42,0.95,1.18,652
2,12.5,3.56,2.13,13.06,87,1.59,0.25,0.46,1.98,7.16,0.73,1.64,786
2,11.87,4.28,2.08,15.25,93,1.52,0.16,0.7,2.14,4.98,0.91,1.21,858
2,12.14,1.75,2.24,18.94,88,1.46,0.38,0.6,1.4,3.22,0.83,1.78,589
2,11.55,3.56,2.05,19.09,99,1.28,1.02,0.34,1.44,6.09,0.82,1.7,390
0,11.6,3.52,2.27,18.98,129,2.53,1.51,0.47,2.36,4.01,1.0,1.95,715
1,13.04,1.42,2.2,18.03,99,1.88,1.9,0.41,1.2,10.34,1.24,2.46,1633
0,13.12,2.09,2.42,14.2,101,2.57,2.66,0.68,1.75,7.74,0.97,2.2,1645
2,11.5,3.25,2.55,15.93,80,1.04,0.85,0.63,2.4,10.69,0.91,1.98,780
0,13.63,1.63,2.38,16.28,88,2.27,2.94,0.3,2.84,11.3,0.93,2.76,1427
2,13.12,2.85,2.5,20.86,84,1.81,0.3,0.47,1.4,3.49,1.09,2.76,555
0,13.12,1.87,2.72,20.3,105,2.66,3.12,0.43,1.4,2.12,1.23,3.33,1054
2,11.17,3.72,1.95,28.01,87,1.44,0.94,0.61,1.15,5.68,1.21,1.86,548
0,13.61,1.76,2.35,18.88,92,2.17,2.28,0.58,1.41,4.12,1.4,2.53,1548
0,14.26,1.88,2.54,15.86,99,1.92,2.35,0.41,0.69,7.7,1.15,2.47,1728
2,12.46,3.11,1.99,23.17,95,1.41,1.27,0.53,1.69,3.34,0.57,1.91,694
2,12.18,3.13,2.51,18.43,94,1.79,0.46,0.61,2.3,10.86,0.58,1.98,830
0,13.65,2.04,1.98,20.0,76,2.33,3.18,0.35,1.76,6.21,1.18,3.12,1271
1,10.91,3.24,2.9,17.68,126,1.99,1.35,0.57,1.59,4.5,1.12,1.83,749
0,13.24,1.31,2.52,13.88,116,2.69,1.89,0.37,2.02,10.37,1.24,3.28,1373
0,13.2,1.9,2.28,18.96,81,2.25,1.26,0.37,1.72,4.76,1.5,2.5,1416
2,13.2,1.18,2.18,14.22,91,1.42,-0.11,0.53,1.88,7.14,0.81,1.94,615
0,13.16,1.76,2.07,24.28,103,2.06,3.54,0.46,1.48,3.4,1.32,2.45,811
0,13.19,1.4,2.61,14.54,90,3.36,1.74,0.32,1.99,9.47,1.38,2.59,1256
2,13.42,2.06,2.22,14.3,84,1.32,0.54,0.57,1.31,3.37,1.11,1.78,747
0,13.23,1.84,2.33,23.66,109,2.52,2.1,0.37,1.59,13.44,1.3,2.56,1399
0,12.57,2.95,2.44,20.11,89,2.66,2.87,0.59,1.47,1.88,1.11,3.43,477
1,11.79,3.67,2.31,14.9,89,2.64,0.48,0.57,1.89,3.1,1.01,0.91,802
2,12.51,2.92,2.74,16.3,124,1.59,0.83,0.29,1.97,2.86,0.83,1.29,959
1,12.14,2.29,2.56,21.46,113,2.42,1.75,0.33,1.98,12.7,1.3,1.26,1554
1,11.34,4.26,2.35,24.38,79,1.7,0.75,0.51,1.18,5.43,0.96,3.17,777
2,11.0,3.94,2.95,21.48,97,1.76,0.74,0.51,1.48,4.34,0.69,1.55,689
2,11.42,1.55,2.2,16.14,98,1.66,1.66,0.25,2.11,6.09,0.96,2.91,1028
2,13.18,1.98,2.32,18.59,83,2.54,3.05,0.37,1.2,3.73,1.1,3.25,1184
0,14.1,2.58,2.56,18.35,96,1.94,1.6,0.36,2.66,7.66,1.24,2.57,1441
2,11.27,2.88,2.0,18.51,87,1.36,2.2,0.59,1.83,9.76,1.07,2.78,749
2,12.16,2.63,2.16,25.43,99,1.67,0.35,0.58,2.18,11.59,1.28,1.23,855
0,11.59,1.86,1.94,15.97,117,2.2,1.58,0.53,1.9,4.35,1.16,1.54,1431
0,13.43,1.58,2.19,19.71,105,2.33,1.46,0.31,2.24,4.53,1.21,2.05,1742
2,11.9,1.85,2.01,23.8,97,1.74,2.13,0.44,2.24,3.83,1.2,3.08,518
0,12.17,2.48,1.69,17.52,81,2.72,2.43,0.52,1.86,9.02,1.04,3.03,1167
1,12.31,2.44,1.91,19.55,95,1.77,0.4,0.44,1.85,4.09,0.96,2.88,475
2,11.66,2.68,2.27,19.32,96,1.8,0.07,0.59,2.34,12.74,0.67,1.13,866
1,12.04,2.11,2.37,17.44,96,2.53,1.59,0.34,3.1,8.35,1.05,2.84,639
1,13.15,1.56,2.01,27.85,108,2.85,2.22,0.38,1.94,4.74,1.2,2.54,1197
1,12.18,1.44,2.45,12.11,73,2.9,3.41,0.59,1.35,6.24,1.03,2.94,1648
0,12.24,1.89,2.17,17.18,93,2.7,2.52,0.37,1.7,4.15,1.24,2.96,1748
1,12.01,1.86,2.68,14.82,99,2.54,2.24,0.42,1.18,8.21,0.82,2.11,723
2,11.87,2.13,2.42,16.66,95,1.46,0.82,0.35,2.0,9.93,1.35,2.66,635
1,12.37,1.86,2.46,15.86,90,1.54,0.52,0.68,1.95,4.95,1.61,2.63,947
2,11.97,5.15,1.75,22.45,80,1.39,0.29,0.71,2.37,9.23,0.84,1.34,867
1,12.58,3.55,2.31,20.68,96,2.21,0.24,0.6,2.29,3.76,1.23,3.14,1242
0,13.69,2.26,2.46,16.05,104,2.9,1.93,0.37,2.04,9.86,0.76,3.37,1288
2,12.27,3.87,2.55,16.23,96,1.81,0.23,0.49,2.46,11.02,0.72,0.91,912
0,14.34,1.0,2.21,14.33,89,3.0,1.61,0.33,1.79,7.17,0.97,2.76,1439
2,13.19,5.06,2.38,20.85,103,1.72,-0.49,0.6,1.48,9.38,0.63,1.6,913
1,11.39,2.23,2.1,12.46,115,1.64,2.24,0.57,0.88,2.43,1.16,3.47,603
1,12.99,0.95,2.09,17.89,94,2.68,1.86,0.27,2.24,5.3,1.33,2.9,1747
0,14.14,2.09,2.04,20.76,82,1.57,2.8,0.66,2.06,6.2,1.21,2.9,1276
2,11.15,1.6,2.4,19.28,108,2.2,2.02,0.71,1.99,12.21,0.78,1.58,940
0,12.42,2.04,2.29,18.01,107,2.47,1.02,0.4,0.8,6.24,1.24,2.54,1785
1,11.75,1.41,2.19,16.47,121,1.77,0.65,0.51,2.22,7.77,1.09,2.92,1382
0,12.8,1.7,2.31,16.63,95,2.57,2.62,0.32,2.07,5.64,1.29,2.91,1050
2,11.0,3.74,2.38,14.88,113,1.34,-0.16,0.72,2.64,6.12,0.63,1.71,925
2,11.93,4.66,2.23,19.53,92,1.5,0.53,0.53,2.34,9.73,0.78,1.38,649
2,12.85,3.14,1.93,16.62,95,1.76,-0.33,0.47,2.31,10.15,0.73,1.4,1000
2,11.39,4.56,2.04,15.33,98,1.25,1.08,0.56,2.17,5.4,0.68,2.0,804
2,11.46,4.59,2.29,19.37,91,1.28,0.29,0.43,0.72,5.47,0.91,1.19,676
1,11.83,1.31,2.18,19.96,92,2.4,3.18,0.52,1.97,3.4,0.89,2.66,822
2,11.51,2.99,2.13,14.71,83,1.65,0.27,0.72,2.28,6.05,0.69,1.54,718
1,13.85,1.53,2.45,18.35,111,2.34,2.37,0.41,1.84,3.79,1.16,3.12,1439
0,13.82,1.52,2.68,12.02,94,2.57,2.06,0.35,1.72,8.24,1.28,3.0,1619
2,12.14,4.21,2.82,19.31,109,1.91,0.17,0.53,1.37,5.26,0.69,3.82,1673
1,11.44,4.22,2.33,16.77,113,3.01,2.25,0.48,1.7,7.11,1.1,3.22,884
0,13.76,2.21,2.41,17.24,79,2.42,2.17,0.34,2.01,6.25,1.32,2.49,1493
1,13.76,1.98,1.98,24.61,111,1.94,1.81,0.45,1.79,9.54,1.06,2.45,878
2,10.92,4.82,2.33,20.64,103,1.48,1.72,0.56,2.11,5.43,1.18,3.02,753
0,12.98,1.7,2.12,10.56,104,2.39,1.46,0.3,2.15,4.39,1.11,2.48,1423
0,13.0,2.13,1.78,16.33,98,1.72,2.54,0.34,1.55,3.35,1.29,2.68,1352
0,14.21,2.24,2.49,16.85,88,2.26,2.17,0.36,1.15,5.27,1.14,3.14,1416
1,12.08,1.38,2.53,16.84,100,1.67,2.34,0.4,1.83,3.93,1.23,2.62,1197
1,12.05,1.79,2.59,25.4,113,2.53,3.48,0.63,1.5,5.31,1.32,2.79,429
0,13.51,2.0,2.17,13.64,105,2.54,2.15,0.33,2.91,5.94,1.12,3.67,1296
1,11.33,2.24,2.17,14.23,110,2.68,0.77,0.68,1.74,9.94,0.88,2.34,781
1,13.39,3.27,2.19,19.92,121,2.42,1.26,0.49,2.02,7.15,0.93,1.65,755
2,11.19,2.93,1.96,18.51,81,1.16,0.98,0.61,2.34,9.73,0.81,2.15,514
2,11.98,2.55,2.64,23.19,100,1.53,0.24,0.39,2.1,4.11,0.7,1.7,747
2,12.19,3.68,1.82,17.99,82,1.48,1.07,0.43,2.18,4.86,0.79,1.72,556
1,10.94,3.08,2.13,24.46,100,2.16,0.9,0.62,1.84,3.2,1.27,1.82,437
2,11.36,5.46,2.05,9.84,88,1.33,0.87,0.69,2.75,8.47,0.45,1.19,998
1,13.54,1.79,2.25,17.73,104,3.06,2.15,0.36,2.77,7.15,1.16,2.77,1524
0,13.09,1.19,2.03,18.47,90,2.25,2.63,0.39,1.25,4.03,1.09,3.34,1097
0,12.12,1.78,2.03,17.36,105,2.71,1.98,0.44,1.98,5.0,1.12,3.17,1111
0,13.95,2.07,2.0,20.18,109,1.67,1.95,0.33,2.04,5.51,1.53,2.69,1137
1,11.16,1.77,2.28,18.34,89,1.68,1.21,0.61,1.77,12.94,0.92,2.7,758
0,13.22,1.73,2.33,17.65,104,2.33,2.75,0.43,1.57,8.6,1.1,2.98,1246
0,13.26,1.05,2.14,19.1,104,2.41,2.61,0.3,1.52,2.88,1.44,2.4,1431
2,12.16,4.54,2.63,13.89,97,1.96,1.18,0.47,1.72,6.42,0.82,1.45,962
0,14.31,1.05,2.28,21.03,95,2.37,2.27,0.28,1.89,9.84,0.76,3.27,1115
0,13.94,1.73,2.27,17.4,108,2.88,3.54,0.32,2.08,8.9,1.12,3.1,1260
0,13.16,2.36,2.67,18.6,101,2.8,3.24,0.3,2.81,5.68,1.03,3.17,1185
0,13.48,1.81,2.41,20.5,100,2.7,2.98,0.26,1.86,5.1,1.04,3.47,920
0,13.9,1.68,2.12,16.0,101,3.1,3.39,0.21,2.14,6.1,0.91,3.33,985
0,14.22,3.99,2.51,13.2,128,3.0,3.04,0.2,2.08,5.1,0.89,3.53,760
0,13.51,1.8,2.65,19.0,110,2.35,2.53,0.29,1.54,4.2,1.1,2.87,1095
0,13.07,1.5,2.1,15.5,98,2.4,2.64,0.28,1.37,3.7,1.18,2.69,1020
0,13.64,3.1,2.56,15.2,116,2.7,3.03,0.17,1.66,5.1,0.96,3.36,845
0,12.93,3.8,2.65,18.6,102,2.41,2.41,0.25,1.98,4.5,1.03,3.52,770
0,13.82,1.75,2.42,14.0,111,3.88,3.74,0.32,1.87,7.05,1.01,3.26,1190
0,13.05,1.77,2.1,17.0,107,3.0,3.0,0.28,2.03,5.04,0.88,3.35,885
0,14.37,1.95,2.5,16.8,113,3.85,3.49,0.24,2.18,7.8,0.86,3.45,1480
0,13.28,1.64,2.84,15.5,110,2.6,2.68,0.34,1.36,4.6,1.09,2.78,880
0,13.56,1.71,2.31,16.2,117,3.15,3.29,0.34,2.34,6.13,0.95,3.38,795
0,13.5,1.81,2.61,20.0,96,2.53,2.61,0.28,1.66,3.52,1.12,3.82,845
0,14.1,2.16,2.3,18.0,105,2.95,3.32,0.22,2.38,5.75,1.25,3.17,1510
0,13.83,1.65,2.6,17.2,94,2.45,2.99,0.22,2.29,5.6,1.24,3.37,1265
0,13.39,1.77,2.62,16.1,93,2.85,2.94,0.34,1.45,4.8,0.92,3.22,1195
0,13.56,1.73,2.46,20.5,116,2.96,2.78,0.2,2.45,6.25,0.98,3.03,1120
0,13.73,1.5,2.7,22.5,101,3.0,3.25,0.29,2.38,5.7,1.19,2.71,1285
0,13.41,3.84,2.12,18.8,90,2.45,2.68,0.27,1.48,4.28,0.91,3.0,1035
0,14.1,2.02,2.4,18.8,103,2.75,2.92,0.32,2.38,6.2,1.07,2.75,1060
0,13.3,1.72,2.14,17.0,94,2.4,2.19,0.27,1.35,3.95,1.02,2.77,1285
0,14.38,3.59,2.28,16.0,102,3.25,3.17,0.27,2.19,4.9,1.04,3.44,1065
0,13.29,1.97,2.68,16.8,102,3.0,3.23,0.31,1.66,6.0,1.07,2.84,1270
0,13.58,1.66,2.36,19.1,106,2.86,3.19,0.22,1.95,6.9,1.09,2.88,1515
0,14.75,1.73,2.39,11.4,91,3.1,3.69,0.43,2.81,5.4,1.25,2.73,1150
0,13.71,1.86,2.36,16.6,101,2.61,2.88,0.27,1.69,3.8,1.11,4.0,1035
0,13.05,1.73,2.04,12.4,92,2.72,3.27,0.17,2.91,7.2,1.12,2.91,1150
0,13.68,1.83,2.36,17.2,104,2.42,2.69,0.42,1.97,3.84,1.23,2.87,990
0,13.83,1.57,2.62,20.0,115,2.95,3.4,0.4,1.72,6.6,1.13,2.57,1130
0,13.74,1.67,2.25,16.4,118,2.6,2.9,0.21,1.62,5.85,0.92,3.2,1060
0,13.76,1.53,2.7,19.5,132,2.95,2.74,0.5,1.35,5.4,1.25,3.0,1235
0,12.85,1.6,2.52,17.8,95,2.48,2.37,0.26,1.46,3.93,1.09,3.63,1015
0,13.24,2.59,2.87,21.0,118,2.8,2.69,0.39,1.82,4.32,1.04,2.93,735
0,14.38,1.87,2.38,12.0,102,3.3,3.64,0.29,2.96,7.5,1.2,3.0,1547
0,14.02,1.68,2.21,16.0,96,2.65,2.33,0.26,1.98,4.7,1.04,3.59,1035
0,13.87,1.9,2.8,19.4,107,2.95,2.97,0.37,1.76,4.5,1.25,3.4,915
0,13.77,1.9,2.68,17.1,115,3.0,2.79,0.39,1.68,6.3,1.13,2.93,1375
0,13.88,1.89,2.59,15.0,101,3.25,3.56,0.17,1.7,5.43,0.88,3.56,1095
0,14.19,1.59,2.48,16.5,108,3.3,3.93,0.32,1.86,8.7,1.23,2.82,1680
0,13.72,1.43,2.5,16.7,108,3.4,3.67,0.19,2.04,6.8,0.89,2.87,1285
0,14.06,1.63,2.28,16.0,126,3.0,3.17,0.24,2.1,5.65,1.09,3.71,780
0,13.05,2.05,3.22,25.0,124,2.63,2.68,0.47,1.92,3.58,1.13,3.2,830
0,14.39,1.87,2.45,14.6,96,2.5,2.52,0.3,1.98,5.25,1.02,3.58,1290
0,14.21,4.04,2.44,18.9,111,2.85,2.65,0.3,1.25,5.24,0.87,3.33,1080
0,14.06,2.15,2.61,17.6,121,2.6,2.51,0.31,1.25,5.05,1.06,3.58,1295
0,14.22,1.7,2.3,16.3,118,3.2,3.0,0.26,2.03,6.38,0.94,3.31,970
1,11.64,2.06,2.46,21.6,84,1.95,1.69,0.48,1.35,2.8,1.0,2.75,680
1,12.99,1.67,2.6,30.0,139,3.3,2.89,0.21,1.96,3.35,1.31,3.5,985
1,11.62,1.99,2.28,18.0,98,3.02,2.26,0.17,1.35,3.25,1.16,2.96,345
1,12.17,1.45,2.53,19.0,104,1.89,1.75,0.45,1.03,2.95,1.45,2.23,355
1,11.76,2.68,2.92,20.0,103,1.75,2.03,0.6,1.05,3.8,1.23,2.5,607
1,12.37,1.63,2.3,24.5,88,2.22,2.45,0.4,1.9,2.12,0.89,2.78,342
1,11.45,2.4,2.42,20.0,96,2.9,2.79,0.32,1.83,3.25,0.8,3.39,625
1,12.42,2.55,2.27,22.0,90,1.68,1.84,0.66,1.42,2.7,0.86,3.3,315
1,11.41,0.74,2.5,21.0,88,2.48,2.01,0.42,1.44,3.08,1.1,2.31,434
1,11.66,1.88,1.92,16.0,97,1.61,1.57,0.34,1.15,3.8,1.23,2.14,428
1,12.08,1.83,2.32,18.5,81,1.6,1.5,0.52,1.64,2.4,1.08,2.27,480
1,12.6,1.34,1.9,18.5,88,1.45,1.36,0.29,1.35,2.45,1.04,2.77,562
1,12.22,1.29,1.94,19.0,92,2.36,2.04,0.39,2.08,2.7,0.86,3.02,312
1,12.0,3.43,2.0,19.0,87,2.0,1.64,0.37,1.87,1.28,0.93,3.05,564
1,11.84,2.89,2.23,18.0,112,1.72,1.32,0.43,0.95,2.65,0.96,2.52,500
1,12.04,4.3,2.38,22.0,80,2.1,1.75,0.42,1.35,2.6,0.79,2.57,580
1,13.03,0.9,1.71,16.0,86,1.95,2.03,0.24,1.46,4.6,1.19,2.48,392
1,12.42,1.61,2.19,22.5,108,2.0,2.09,0.34,1.61,2.06,1.06,2.96,345
1,12.37,1.13,2.16,19.0,87,3.5,3.1,0.19,1.87,4.45,1.22,2.87,420
1,12.43,1.53,2.29,21.5,86,2.74,3.15,0.39,1.77,3.94,0.69,2.84,352
1,12.08,1.39,2.5,22.5,84,2.56,2.29,0.43,1.04,2.9,0.93,3.19,385
1,11.82,1.72,1.88,19.5,86,2.5,1.64,0.37,1.42,2.06,0.94,2.44,415
1,11.46,3.74,1.82,19.5,107,3.18,2.58,0.24,3.58,2.9,0.75,2.81,562
1,12.69,1.53,2.26,20.7,80,1.38,1.46,0.58,1.62,3.05,0.96,2.06,495
1,12.34,2.45,2.46,21.0,98,2.56,2.11,0.34,1.31,2.8,0.8,3.38,438
1,12.29,1.61,2.21,20.4,103,1.1,1.02,0.37,1.46,3.05,0.91,1.82,870
1,12.08,1.33,2.3,23.6,70,2.2,1.59,0.42,1.38,1.74,1.07,3.21,625
1,13.86,1.51,2.67,25.0,86,2.95,2.86,0.21,1.87,3.38,1.36,3.16,410
1,12.64,1.36,2.02,16.8,100,2.02,1.41,0.53,0.62,5.75,0.98,1.59,450
1,11.56,2.05,3.23,28.5,119,3.18,5.08,0.47,1.87,6.0,0.93,3.69,465
1,12.0,0.92,2.0,19.0,86,2.42,2.26,0.3,1.43,2.5,1.38,3.12,278
1,12.7,3.87,2.4,23.0,101,2.83,2.55,0.43,1.95,2.57,1.19,3.13,463
1,12.37,1.21,2.56,18.1,98,2.42,2.65,0.37,2.08,4.6,1.19,2.3,678
1,11.03,1.51,2.2,21.5,85,2.46,2.17,0.52,2.01,1.9,1.71,2.87,407
1,12.37,0.94,1.36,10.6,88,1.98,0.57,0.28,0.42,1.95,1.05,1.82,520
1,12.77,3.43,1.98,16.0,80,1.63,1.25,0.43,0.83,3.4,0.7,2.12,372
1,13.49,1.66,2.24,24.0,87,1.88,1.84,0.27,1.03,3.74,0.98,2.78,472
1,12.33,1.1,2.28,16.0,101,2.05,1.09,0.63,0.41,3.27,1.25,1.67,680
1,12.51,1.73,1.98,20.5,85,2.2,1.92,0.32,1.48,2.94,1.04,3.57,672
1,13.05,3.86,2.32,22.5,85,1.65,1.59,0.61,1.62,4.8,0.84,2.01,515
1,11.61,1.35,2.7,20.0,94,2.74,2.92,0.29,2.49,2.65,0.96,3.26,680
1,12.72,1.75,2.28,22.5,84,1.38,1.76,0.48,1.63,3.3,0.88,2.42,488
1,11.65,1.67,2.62,26.0,88,1.92,1.61,0.4,1.34,2.6,1.36,3.21,562
1,11.87,4.31,2.39,21.0,82,2.86,3.03,0.21,2.91,2.8,0.75,3.64,380
1,12.42,4.43,2.73,26.5,102,2.2,2.13,0.43,1.71,2.08,0.92,3.12,365
1,12.25,1.73,2.12,19.0,80,1.65,2.03,0.37,1.63,3.4,1.0,3.17,510
1,11.79,2.13,2.78,28.5,92,2.13,2.24,0.58,1.76,3.0,0.97,2.44,466
1,11.82,1.47,1.99,20.8,86,1.98,1.6,0.3,1.53,1.95,0.95,3.33,495
2,13.4,3.91,2.48,23.0,102,1.8,0.75,0.43,1.41,7.3,0.7,1.56,750
2,14.13,4.1,2.74,24.5,96,2.05,0.76,0.56,1.35,9.2,0.61,1.6,560
2,12.51,1.24,2.25,17.5,85,2.0,0.58,0.6,1.25,5.45,0.75,1.51,650
2,13.45,3.7,2.6,23.0,111,1.7,0.92,0.43,1.46,10.68,0.85,1.56,695
2,12.79,2.67,2.48,22.0,112,1.48,1.36,0.24,1.26,10.8,0.48,1.47,480
2,13.36,2.56,2.35,20.0,89,1.4,0.5,0.37,0.64,5.6,0.7,2.47,780
2,12.7,3.55,2.36,21.5,106,1.7,1.2,0.17,0.84,5.0,0.78,1.29,600
2,13.73,4.36,2.26,22.5,88,1.28,0.47,0.52,1.15,6.62,0.78,1.75,520
2,12.45,3.03,2.64,27.0,97,1.9,0.58,0.63,1.14,7.5,0.67,1.73,880
2,12.25,3.88,2.2,18.5,112,1.38,0.78,0.29,1.14,8.21,0.65,2.0,855
2,13.23,3.3,2.28,18.5,98,1.8,0.83,0.61,1.87,10.52,0.56,1.51,675
2,12.84,2.96,2.61,24.0,101,2.32,0.6,0.53,0.81,4.92,0.89,2.15,590
2,13.49,3.59,2.19,19.5,88,1.62,0.48,0.58,0.88,5.7,0.81,1.82,580
2,13.08,3.9,2.36,21.5,113,1.41,1.39,0.34,1.14,9.4,0.57,1.33,550
2,13.27,4.28,2.26,20.0,120,1.59,0.69,0.43,1.35,10.2,0.59,1.56,835
2,12.86,1.35,2.32,18.0,122,1.51,1.25,0.21,0.94,4.1,0.76,1.29,630
2,13.71,5.65,2.45,20.5,95,1.68,0.61,0.52,1.06,7.7,0.64,1.74,740
2,13.17,2.59,2.37,20.0,120,1.65,0.68,0.53,1.46,9.3,0.6,1.62,840
2,13.17,5.19,2.32,22.0,93,1.74,0.63,0.61,1.55,7.9,0.6,1.48,725
2,13.62,4.95,2.35,20.0,92,2.0,0.8,0.47,1.02,4.4,0.91,2.05,550
2,13.84,4.12,2.38,19.5,89,1.8,0.83,0.48,1.56,9.01,0.57,1.64,480
2,13.48,1.67,2.64,22.5,89,2.6,1.1,0.52,2.29,11.75,0.57,1.78,620
2,13.4,4.6,2.86,25.0,112,1.98,0.96,0.27,1.11,8.5,0.67,1.92,630
2,13.5,3.12,2.62,24.0,123,1.4,1.57,0.22,1.25,8.6,0.59,1.3,500
2,12.82,3.37,2.3,19.5,88,1.48,0.66,0.4,0.97,10.26,0.72,1.75,685
2,12.87,4.61,2.48,21.5,86,1.7,0.65,0.47,0.86,7.65,0.54,1.86,625
2,12.6,2.46,2.2,18.5,94,1.62,0.66,0.63,0.94,7.1,0.73,1.58,695
2,13.16,3.57,2.15,21.0,102,1.5,0.55,0.43,1.3,4.0,0.6,1.68,830
2,13.58,2.58,2.69,24.5,105,1.55,0.84,0.39,1.54,8.66,0.74,1.8,750
2,13.88,5.04,2.23,20.0,80,0.98,0.34,0.4,0.68,4.9,0.58,1.33,415
2,13.69,3.26,2.54,20.0,107,1.83,0.56,0.5,0.8,5.88,0.96,1.82,680
2,12.53,5.51,2.64,25.0,96,1.79,0.6,0.63,1.1,5.0,0.82,1.69,515
2,12.2,3.03,2.32,19.0,96,1.25,0.49,0.4,0.73,5.5,0.66,1.83,510
2,12.25,4.72,2.54,21.0,89,1.38,0.47,0.53,0.8,3.85,0.75,1.27,720
2,13.11,1.9,2.75,25.5,116,2.2,1.28,0.26,1.56,7.1,0.61,1.33,425
2,14.16,2.51,2.48,20.0,91,1.68,0.7,0.44,1.24,9.7,0.62,1.71,660
2,12.85,3.27,2.58,22.0,106,1.65,0.6,0.6,0.96,5.58,0.87,2.11,570
2,12.93,2.81,2.7,21.0,96,1.54,0.5,0.53,0.75,4.6,0.77,2.31,600
2,13.78,2.76,2.3,22.0,90,1.35,0.68,0.41,1.03,9.58,0.7,1.68,615
2,14.34,1.68,2.7,25.0,98,2.8,1.31,0.53,2.7,13.0,0.57,1.96,660
2,12.81,2.31,2.4,24.0,98,1.15,1.09,0.27,0.83,5.7,0.66,1.36,560
2,12.96,3.45,2.35,18.5,106,1.39,0.7,0.4,0.94,5.28,0.68,1.75,675
2,13.32,3.24,2.38,21.5,92,1.93,0.76,0.45,1.25,8.42,0.55,1.62,650
2,12.58,1.29,2.1,20.0,103,1.48,0.58,0.53,1.4,7.6,0.58,1.55,640
2,12.77,2.39,2.28,19.5,86,1.39,0.51,0.48,0.64,9.9,0.57,1.63,470
2,12.36,3.83,2.38,21.0,88,2.3,0.92,0.5,1.04,7.65,0.56,1.58,520
2,12.88,2.99,2.4,20.0,104,1.3,1.22,0.24,0.83,5.4,0.74,1.42,530
2,13.52,3.17,2.72,23.5,97,1.55,0.52,0.5,0.55,4.35,0.89,2.06,520
